episode,step,machine_idx,machine_time,current_time,utilization
1,1,0,16.0,16.0,1.0
1,1,1,0.0,16.0,0.0
1,1,2,0.0,16.0,0.0
1,2,0,61.0,61.0,1.0
1,2,1,0.0,61.0,0.0
1,2,2,0.0,61.0,0.0
1,3,0,116.0,116.0,1.0
1,3,1,0.0,116.0,0.0
1,3,2,0.0,116.0,0.0
1,4,0,192.0,192.0,1.0
1,4,1,0.0,192.0,0.0
1,4,2,0.0,192.0,0.0
1,5,0,273.0,273.0,1.0
1,5,1,0.0,273.0,0.0
1,5,2,0.0,273.0,0.0
1,6,0,273.0,287.0,0.9512195
1,6,1,287.0,287.0,1.0
1,6,2,0.0,287.0,0.0
1,7,0,273.0,333.0,0.8198198
1,7,1,333.0,333.0,1.0
1,7,2,0.0,333.0,0.0
1,8,0,273.0,369.0,0.7398374
1,8,1,369.0,369.0,1.0
1,8,2,0.0,369.0,0.0
1,9,0,273.0,396.0,0.68939394
1,9,1,369.0,396.0,0.9318182
1,9,2,396.0,396.0,1.0
1,10,0,451.0,451.0,1.0
1,10,1,369.0,451.0,0.8181818
1,10,2,396.0,451.0,0.8780488
1,11,0,528.0,528.0,1.0
1,11,1,369.0,528.0,0.6988636
1,11,2,396.0,528.0,0.75
1,12,0,528.0,568.0,0.92957747
1,12,1,369.0,568.0,0.6496479
1,12,2,568.0,568.0,1.0
1,13,0,647.0,647.0,1.0
1,13,1,369.0,647.0,0.5703246
1,13,2,568.0,647.0,0.877898
1,14,0,717.0,717.0,1.0
1,14,1,369.0,717.0,0.5146443
1,14,2,568.0,717.0,0.79218966
1,15,0,787.0,787.0,1.0
1,15,1,369.0,787.0,0.46886912
1,15,2,568.0,787.0,0.7217281
1,16,0,787.0,827.0,0.9516324
1,16,1,827.0,827.0,1.0
1,16,2,568.0,827.0,0.68681985
1,17,0,787.0,871.0,0.90355915
1,17,1,871.0,871.0,1.0
1,17,2,568.0,871.0,0.652124
1,18,0,787.0,907.0,0.8676957
1,18,1,871.0,907.0,0.96030873
1,18,2,907.0,907.0,1.0
1,19,0,787.0,951.0,0.82754993
1,19,1,951.0,951.0,1.0
1,19,2,907.0,951.0,0.9537329
1,20,0,787.0,1007.0,0.7815293
1,20,1,951.0,1007.0,0.9443893
1,20,2,1007.0,1007.0,1.0
1,21,0,787.0,1040.0,0.7567308
1,21,1,1040.0,1040.0,1.0
1,21,2,1007.0,1040.0,0.9682692
1,22,0,787.0,1076.0,0.73141265
1,22,1,1076.0,1076.0,1.0
1,22,2,1007.0,1076.0,0.9358736
1,23,0,787.0,1111.0,0.70837086
1,23,1,1076.0,1111.0,0.96849686
1,23,2,1111.0,1111.0,1.0
1,24,0,787.0,1156.0,0.68079585
1,24,1,1076.0,1156.0,0.93079585
1,24,2,1156.0,1156.0,1.0
1,25,0,787.0,1191.0,0.66078925
1,25,1,1191.0,1191.0,1.0
1,25,2,1156.0,1191.0,0.97061294
1,26,0,787.0,1257.0,0.62609386
1,26,1,1191.0,1257.0,0.94749403
1,26,2,1257.0,1257.0,1.0
1,27,0,787.0,1328.0,0.5926205
1,27,1,1191.0,1328.0,0.89683735
1,27,2,1328.0,1328.0,1.0
1,28,0,787.0,1396.0,0.5637536
1,28,1,1191.0,1396.0,0.85315186
1,28,2,1396.0,1396.0,1.0
1,29,0,787.0,1434.0,0.5488145
1,29,1,1434.0,1434.0,1.0
1,29,2,1396.0,1434.0,0.97350067
1,30,0,787.0,1478.0,0.5324763
1,30,1,1478.0,1478.0,1.0
1,30,2,1396.0,1478.0,0.94451964
1,31,0,787.0,1512.0,0.5205026
1,31,1,1512.0,1512.0,1.0
1,31,2,1396.0,1512.0,0.9232804
1,32,0,787.0,1586.0,0.4962169
1,32,1,1512.0,1586.0,0.9533417
1,32,2,1586.0,1586.0,1.0
1,33,0,787.0,1622.0,0.48520344
1,33,1,1512.0,1622.0,0.9321825
1,33,2,1622.0,1622.0,1.0
1,34,0,787.0,1661.0,0.47381097
1,34,1,1661.0,1661.0,1.0
1,34,2,1622.0,1661.0,0.9765202
1,35,0,787.0,1730.0,0.4549133
1,35,1,1661.0,1730.0,0.9601156
1,35,2,1730.0,1730.0,1.0
1,36,0,787.0,1766.0,0.44563988
1,36,1,1766.0,1766.0,1.0
1,36,2,1730.0,1766.0,0.979615
1,37,0,787.0,1806.0,0.43576965
1,37,1,1766.0,1806.0,0.9778516
1,37,2,1806.0,1806.0,1.0
1,38,0,787.0,1863.0,0.42243692
1,38,1,1766.0,1863.0,0.94793344
1,38,2,1863.0,1863.0,1.0
1,39,0,787.0,1912.0,0.41161087
1,39,1,1912.0,1912.0,1.0
1,39,2,1863.0,1912.0,0.9743724
1,40,0,787.0,1962.0,0.40112132
1,40,1,1962.0,1962.0,1.0
1,40,2,1863.0,1962.0,0.9495413
1,41,0,787.0,2032.0,0.38730314
1,41,1,1962.0,2032.0,0.9655512
1,41,2,2032.0,2032.0,1.0
1,42,0,787.0,2094.0,0.37583572
1,42,1,1962.0,2094.0,0.9369627
1,42,2,2094.0,2094.0,1.0
1,43,0,787.0,2130.0,0.36948356
1,43,1,2130.0,2130.0,1.0
1,43,2,2094.0,2130.0,0.98309857
1,44,0,787.0,2198.0,0.35805276
1,44,1,2130.0,2198.0,0.9690628
1,44,2,2198.0,2198.0,1.0
1,45,0,787.0,2257.0,0.34869295
1,45,1,2130.0,2257.0,0.9437306
1,45,2,2257.0,2257.0,1.0
1,46,0,787.0,2302.0,0.34187663
1,46,1,2302.0,2302.0,1.0
1,46,2,2257.0,2302.0,0.98045176
1,47,0,787.0,2363.0,0.3330512
1,47,1,2302.0,2363.0,0.97418535
1,47,2,2363.0,2363.0,1.0
1,48,0,787.0,2396.0,0.32846412
1,48,1,2396.0,2396.0,1.0
1,48,2,2363.0,2396.0,0.98622704
1,49,0,787.0,2436.0,0.32307062
1,49,1,2436.0,2436.0,1.0
1,49,2,2363.0,2436.0,0.9700328
1,50,0,787.0,2491.0,0.31593737
1,50,1,2436.0,2491.0,0.97792053
1,50,2,2491.0,2491.0,1.0
1,51,0,787.0,2541.0,0.30972058
1,51,1,2436.0,2541.0,0.9586777
1,51,2,2541.0,2541.0,1.0
1,52,0,787.0,2587.0,0.30421337
1,52,1,2587.0,2587.0,1.0
1,52,2,2541.0,2587.0,0.9822188
1,53,0,787.0,2652.0,0.29675716
1,53,1,2587.0,2652.0,0.9754902
1,53,2,2652.0,2652.0,1.0
1,54,0,787.0,2709.0,0.2905131
1,54,1,2587.0,2709.0,0.95496494
1,54,2,2709.0,2709.0,1.0
1,55,0,787.0,2767.0,0.28442356
1,55,1,2587.0,2767.0,0.9349476
1,55,2,2767.0,2767.0,1.0
1,56,0,787.0,2812.0,0.27987197
1,56,1,2587.0,2812.0,0.9199858
1,56,2,2812.0,2812.0,1.0
1,57,0,787.0,2882.0,0.27307424
1,57,1,2587.0,2882.0,0.8976405
1,57,2,2882.0,2882.0,1.0
1,58,0,787.0,2917.0,0.26979774
1,58,1,2917.0,2917.0,1.0
1,58,2,2882.0,2917.0,0.98800135
1,59,0,787.0,2947.0,0.26705125
1,59,1,2947.0,2947.0,1.0
1,59,2,2882.0,2947.0,0.97794366
1,60,0,787.0,2993.0,0.26294687
1,60,1,2993.0,2993.0,1.0
1,60,2,2882.0,2993.0,0.96291345
1,61,0,787.0,3032.0,0.25956464
1,61,1,2993.0,3032.0,0.9871372
1,61,2,3032.0,3032.0,1.0
1,62,0,787.0,3065.0,0.25676998
1,62,1,3065.0,3065.0,1.0
1,62,2,3032.0,3065.0,0.98923326
1,63,0,787.0,3120.0,0.25224358
1,63,1,3065.0,3120.0,0.9823718
1,63,2,3120.0,3120.0,1.0
1,64,0,787.0,3160.0,0.24905063
1,64,1,3065.0,3160.0,0.9699367
1,64,2,3160.0,3160.0,1.0
1,65,0,787.0,3191.0,0.24663115
1,65,1,3191.0,3191.0,1.0
1,65,2,3160.0,3191.0,0.99028516
2,1,0,30.0,30.0,1.0
2,1,1,0.0,30.0,0.0
2,1,2,0.0,30.0,0.0
2,2,0,30.0,59.0,0.5084746
2,2,1,59.0,59.0,1.0
2,2,2,0.0,59.0,0.0
2,3,0,125.0,125.0,1.0
2,3,1,59.0,125.0,0.472
2,3,2,0.0,125.0,0.0
2,4,0,202.0,202.0,1.0
2,4,1,59.0,202.0,0.2920792
2,4,2,0.0,202.0,0.0
2,5,0,202.0,222.0,0.9099099
2,5,1,59.0,222.0,0.26576576
2,5,2,222.0,222.0,1.0
2,6,0,292.0,292.0,1.0
2,6,1,59.0,292.0,0.2020548
2,6,2,222.0,292.0,0.760274
2,7,0,362.0,362.0,1.0
2,7,1,59.0,362.0,0.16298343
2,7,2,222.0,362.0,0.6132597
2,8,0,438.0,438.0,1.0
2,8,1,59.0,438.0,0.13470319
2,8,2,222.0,438.0,0.5068493
2,9,0,479.0,479.0,1.0
2,9,1,59.0,479.0,0.123173274
2,9,2,222.0,479.0,0.46346554
2,10,0,534.0,534.0,1.0
2,10,1,59.0,534.0,0.110486895
2,10,2,222.0,534.0,0.41573033
2,11,0,534.0,578.0,0.92387545
2,11,1,578.0,578.0,1.0
2,11,2,222.0,578.0,0.38408303
2,12,0,534.0,639.0,0.8356807
2,12,1,578.0,639.0,0.90453833
2,12,2,639.0,639.0,1.0
2,13,0,699.0,699.0,1.0
2,13,1,578.0,699.0,0.8268956
2,13,2,639.0,699.0,0.9141631
2,14,0,699.0,733.0,0.9536153
2,14,1,733.0,733.0,1.0
2,14,2,639.0,733.0,0.8717599
2,15,0,699.0,769.0,0.9089727
2,15,1,769.0,769.0,1.0
2,15,2,639.0,769.0,0.8309493
2,16,0,699.0,809.0,0.86402965
2,16,1,809.0,809.0,1.0
2,16,2,639.0,809.0,0.789864
2,17,0,699.0,874.0,0.7997712
2,17,1,809.0,874.0,0.9256293
2,17,2,874.0,874.0,1.0
2,18,0,699.0,909.0,0.7689769
2,18,1,909.0,909.0,1.0
2,18,2,874.0,909.0,0.9614962
2,19,0,699.0,980.0,0.7132653
2,19,1,909.0,980.0,0.92755103
2,19,2,980.0,980.0,1.0
2,20,0,699.0,1046.0,0.66826004
2,20,1,909.0,1046.0,0.8690249
2,20,2,1046.0,1046.0,1.0
2,21,0,1110.0,1110.0,1.0
2,21,1,909.0,1110.0,0.81891894
2,21,2,1046.0,1110.0,0.94234234
2,22,0,1110.0,1149.0,0.9660574
2,22,1,1149.0,1149.0,1.0
2,22,2,1046.0,1149.0,0.9103568
2,23,0,1110.0,1187.0,0.9351306
2,23,1,1187.0,1187.0,1.0
2,23,2,1046.0,1187.0,0.8812131
2,24,0,1110.0,1228.0,0.9039088
2,24,1,1228.0,1228.0,1.0
2,24,2,1046.0,1228.0,0.85179156
2,25,0,1110.0,1302.0,0.85253453
2,25,1,1228.0,1302.0,0.94316435
2,25,2,1302.0,1302.0,1.0
2,26,0,1110.0,1338.0,0.8295964
2,26,1,1338.0,1338.0,1.0
2,26,2,1302.0,1338.0,0.97309417
2,27,0,1110.0,1378.0,0.8055152
2,27,1,1338.0,1378.0,0.9709724
2,27,2,1378.0,1378.0,1.0
2,28,0,1110.0,1452.0,0.7644628
2,28,1,1338.0,1452.0,0.9214876
2,28,2,1452.0,1452.0,1.0
2,29,0,1110.0,1482.0,0.74898785
2,29,1,1482.0,1482.0,1.0
2,29,2,1452.0,1482.0,0.9797571
2,30,0,1110.0,1515.0,0.7326733
2,30,1,1515.0,1515.0,1.0
2,30,2,1452.0,1515.0,0.95841587
2,31,0,1110.0,1548.0,0.71705425
2,31,1,1548.0,1548.0,1.0
2,31,2,1452.0,1548.0,0.93798447
2,32,0,1110.0,1592.0,0.6972362
2,32,1,1592.0,1592.0,1.0
2,32,2,1452.0,1592.0,0.9120603
2,33,0,1110.0,1637.0,0.67806965
2,33,1,1592.0,1637.0,0.9725107
2,33,2,1637.0,1637.0,1.0
2,34,0,1110.0,1673.0,0.6634788
2,34,1,1592.0,1673.0,0.951584
2,34,2,1673.0,1673.0,1.0
2,35,0,1110.0,1709.0,0.64950264
2,35,1,1592.0,1709.0,0.93153894
2,35,2,1709.0,1709.0,1.0
2,36,0,1110.0,1764.0,0.6292517
2,36,1,1592.0,1764.0,0.9024943
2,36,2,1764.0,1764.0,1.0
2,37,0,1110.0,1823.0,0.6088865
2,37,1,1592.0,1823.0,0.8732858
2,37,2,1823.0,1823.0,1.0
2,38,0,1110.0,1872.0,0.59294873
2,38,1,1872.0,1872.0,1.0
2,38,2,1823.0,1872.0,0.9738248
2,39,0,1110.0,1942.0,0.5715757
2,39,1,1872.0,1942.0,0.9639547
2,39,2,1942.0,1942.0,1.0
2,40,0,1110.0,1997.0,0.55583376
2,40,1,1872.0,1997.0,0.9374061
2,40,2,1997.0,1997.0,1.0
2,41,0,1110.0,2028.0,0.5473373
2,41,1,2028.0,2028.0,1.0
2,41,2,1997.0,2028.0,0.98471403
2,42,0,1110.0,2061.0,0.5385735
2,42,1,2061.0,2061.0,1.0
2,42,2,1997.0,2061.0,0.9689471
2,43,0,1110.0,2106.0,0.5270655
2,43,1,2061.0,2106.0,0.97863245
2,43,2,2106.0,2106.0,1.0
2,44,0,1110.0,2147.0,0.51700044
2,44,1,2147.0,2147.0,1.0
2,44,2,2106.0,2147.0,0.98090357
2,45,0,1110.0,2182.0,0.5087076
2,45,1,2182.0,2182.0,1.0
2,45,2,2106.0,2182.0,0.96516955
2,46,0,1110.0,2216.0,0.50090253
2,46,1,2216.0,2216.0,1.0
2,46,2,2106.0,2216.0,0.950361
2,47,0,1110.0,2261.0,0.4909332
2,47,1,2216.0,2261.0,0.9800973
2,47,2,2261.0,2261.0,1.0
2,48,0,1110.0,2306.0,0.48135298
2,48,1,2216.0,2306.0,0.96097136
2,48,2,2306.0,2306.0,1.0
2,49,0,1110.0,2342.0,0.47395387
2,49,1,2342.0,2342.0,1.0
2,49,2,2306.0,2342.0,0.9846285
2,50,0,1110.0,2381.0,0.46619067
2,50,1,2342.0,2381.0,0.98362035
2,50,2,2381.0,2381.0,1.0
2,51,0,1110.0,2437.0,0.45547804
2,51,1,2342.0,2437.0,0.96101767
2,51,2,2437.0,2437.0,1.0
2,52,0,1110.0,2483.0,0.44703987
2,52,1,2483.0,2483.0,1.0
2,52,2,2437.0,2483.0,0.98147404
2,53,0,1110.0,2550.0,0.43529412
2,53,1,2483.0,2550.0,0.9737255
2,53,2,2550.0,2550.0,1.0
2,54,0,1110.0,2607.0,0.42577675
2,54,1,2483.0,2607.0,0.95243573
2,54,2,2607.0,2607.0,1.0
2,55,0,1110.0,2653.0,0.41839427
2,55,1,2653.0,2653.0,1.0
2,55,2,2607.0,2653.0,0.9826611
2,56,0,1110.0,2695.0,0.41187385
2,56,1,2653.0,2695.0,0.9844156
2,56,2,2695.0,2695.0,1.0
2,57,0,1110.0,2763.0,0.40173724
2,57,1,2653.0,2763.0,0.9601882
2,57,2,2763.0,2763.0,1.0
2,58,0,1110.0,2803.0,0.3960043
2,58,1,2653.0,2803.0,0.94648594
2,58,2,2803.0,2803.0,1.0
2,59,0,1110.0,2848.0,0.3897472
2,59,1,2848.0,2848.0,1.0
2,59,2,2803.0,2848.0,0.98419946
2,60,0,1110.0,2905.0,0.38209984
2,60,1,2848.0,2905.0,0.9803786
2,60,2,2905.0,2905.0,1.0
2,61,0,1110.0,2975.0,0.37310925
2,61,1,2848.0,2975.0,0.9573109
2,61,2,2975.0,2975.0,1.0
2,62,0,1110.0,3043.0,0.3647716
2,62,1,2848.0,3043.0,0.9359185
2,62,2,3043.0,3043.0,1.0
2,63,0,1110.0,3093.0,0.3588749
2,63,1,3093.0,3093.0,1.0
2,63,2,3043.0,3093.0,0.98383445
2,64,0,1110.0,3133.0,0.35429302
2,64,1,3133.0,3133.0,1.0
2,64,2,3043.0,3133.0,0.97127354
2,65,0,1110.0,3186.0,0.34839925
2,65,1,3133.0,3186.0,0.9833647
2,65,2,3186.0,3186.0,1.0
3,1,0,36.0,36.0,1.0
3,1,1,0.0,36.0,0.0
3,1,2,0.0,36.0,0.0
3,2,0,113.0,113.0,1.0
3,2,1,0.0,113.0,0.0
3,2,2,0.0,113.0,0.0
3,3,0,153.0,153.0,1.0
3,3,1,0.0,153.0,0.0
3,3,2,0.0,153.0,0.0
3,4,0,234.0,234.0,1.0
3,4,1,0.0,234.0,0.0
3,4,2,0.0,234.0,0.0
3,5,0,234.0,255.0,0.91764706
3,5,1,255.0,255.0,1.0
3,5,2,0.0,255.0,0.0
3,6,0,234.0,280.0,0.8357143
3,6,1,255.0,280.0,0.91071427
3,6,2,280.0,280.0,1.0
3,7,0,234.0,326.0,0.71779144
3,7,1,326.0,326.0,1.0
3,7,2,280.0,326.0,0.8588957
3,8,0,234.0,360.0,0.65
3,8,1,360.0,360.0,1.0
3,8,2,280.0,360.0,0.7777778
3,9,0,234.0,402.0,0.58208954
3,9,1,360.0,402.0,0.8955224
3,9,2,402.0,402.0,1.0
3,10,0,458.0,458.0,1.0
3,10,1,360.0,458.0,0.7860262
3,10,2,402.0,458.0,0.87772924
3,11,0,458.0,517.0,0.88588005
3,11,1,360.0,517.0,0.69632494
3,11,2,517.0,517.0,1.0
3,12,0,587.0,587.0,1.0
3,12,1,360.0,587.0,0.6132879
3,12,2,517.0,587.0,0.8807496
3,13,0,587.0,620.0,0.9467742
3,13,1,620.0,620.0,1.0
3,13,2,517.0,620.0,0.83387095
3,14,0,587.0,665.0,0.88270676
3,14,1,620.0,665.0,0.93233085
3,14,2,665.0,665.0,1.0
3,15,0,735.0,735.0,1.0
3,15,1,620.0,735.0,0.8435374
3,15,2,665.0,735.0,0.9047619
3,16,0,735.0,776.0,0.94716495
3,16,1,776.0,776.0,1.0
3,16,2,665.0,776.0,0.85695875
3,17,0,855.0,855.0,1.0
3,17,1,776.0,855.0,0.9076023
3,17,2,665.0,855.0,0.7777778
3,18,0,855.0,895.0,0.95530725
3,18,1,895.0,895.0,1.0
3,18,2,665.0,895.0,0.7430168
3,19,0,855.0,939.0,0.91054314
3,19,1,939.0,939.0,1.0
3,19,2,665.0,939.0,0.7082002
3,20,0,984.0,984.0,1.0
3,20,1,939.0,984.0,0.9542683
3,20,2,665.0,984.0,0.675813
3,21,0,984.0,1045.0,0.9416268
3,21,1,939.0,1045.0,0.8985646
3,21,2,1045.0,1045.0,1.0
3,22,0,984.0,1111.0,0.88568854
3,22,1,939.0,1111.0,0.8451845
3,22,2,1111.0,1111.0,1.0
3,23,0,984.0,1150.0,0.85565215
3,23,1,939.0,1150.0,0.81652176
3,23,2,1150.0,1150.0,1.0
3,24,0,984.0,1188.0,0.82828283
3,24,1,1188.0,1188.0,1.0
3,24,2,1150.0,1188.0,0.96801347
3,25,0,984.0,1262.0,0.77971476
3,25,1,1188.0,1262.0,0.9413629
3,25,2,1262.0,1262.0,1.0
3,26,0,984.0,1306.0,0.7534456
3,26,1,1306.0,1306.0,1.0
3,26,2,1262.0,1306.0,0.96630937
3,27,0,984.0,1380.0,0.71304345
3,27,1,1306.0,1380.0,0.9463768
3,27,2,1380.0,1380.0,1.0
3,28,0,984.0,1413.0,0.6963906
3,28,1,1413.0,1413.0,1.0
3,28,2,1380.0,1413.0,0.9766454
3,29,0,984.0,1452.0,0.677686
3,29,1,1452.0,1452.0,1.0
3,29,2,1380.0,1452.0,0.9504132
3,30,0,984.0,1497.0,0.65731466
3,30,1,1452.0,1497.0,0.9699399
3,30,2,1497.0,1497.0,1.0
3,31,0,984.0,1532.0,0.6422976
3,31,1,1532.0,1532.0,1.0
3,31,2,1497.0,1532.0,0.9771541
3,32,0,984.0,1566.0,0.62835246
3,32,1,1566.0,1566.0,1.0
3,32,2,1497.0,1566.0,0.9559387
3,33,0,984.0,1606.0,0.61270237
3,33,1,1566.0,1606.0,0.9750934
3,33,2,1606.0,1606.0,1.0
3,34,0,984.0,1671.0,0.5888689
3,34,1,1566.0,1671.0,0.93716335
3,34,2,1671.0,1671.0,1.0
3,35,0,984.0,1707.0,0.57644993
3,35,1,1707.0,1707.0,1.0
3,35,2,1671.0,1707.0,0.9789104
3,36,0,984.0,1777.0,0.5537423
3,36,1,1707.0,1777.0,0.96060777
3,36,2,1777.0,1777.0,1.0
3,37,0,1847.0,1847.0,1.0
3,37,1,1707.0,1847.0,0.9242014
3,37,2,1777.0,1847.0,0.9621007
3,38,0,1847.0,1896.0,0.97415614
3,38,1,1896.0,1896.0,1.0
3,38,2,1777.0,1896.0,0.9372363
3,39,0,1847.0,1932.0,0.95600414
3,39,1,1896.0,1932.0,0.98136646
3,39,2,1932.0,1932.0,1.0
3,40,0,1847.0,1968.0,0.93851626
3,40,1,1968.0,1968.0,1.0
3,40,2,1932.0,1968.0,0.98170733
3,41,0,1847.0,2018.0,0.91526264
3,41,1,1968.0,2018.0,0.975223
3,41,2,2018.0,2018.0,1.0
3,42,0,1847.0,2073.0,0.89097923
3,42,1,1968.0,2073.0,0.94934875
3,42,2,2073.0,2073.0,1.0
3,43,0,1847.0,2109.0,0.8757705
3,43,1,1968.0,2109.0,0.9331437
3,43,2,2109.0,2109.0,1.0
3,44,0,1847.0,2155.0,0.8570766
3,44,1,2155.0,2155.0,1.0
3,44,2,2109.0,2155.0,0.97865427
3,45,0,1847.0,2211.0,0.83536863
3,45,1,2155.0,2211.0,0.9746721
3,45,2,2211.0,2211.0,1.0
3,46,0,1847.0,2266.0,0.8150927
3,46,1,2155.0,2266.0,0.951015
3,46,2,2266.0,2266.0,1.0
3,47,0,1847.0,2302.0,0.8023458
3,47,1,2302.0,2302.0,1.0
3,47,2,2266.0,2302.0,0.9843614
3,48,0,1847.0,2351.0,0.78562313
3,48,1,2351.0,2351.0,1.0
3,48,2,2266.0,2351.0,0.9638452
3,49,0,1847.0,2382.0,0.77539885
3,49,1,2382.0,2382.0,1.0
3,49,2,2266.0,2382.0,0.95130146
3,50,0,1847.0,2439.0,0.75727755
3,50,1,2382.0,2439.0,0.9766298
3,50,2,2439.0,2439.0,1.0
3,51,0,1847.0,2502.0,0.7382094
3,51,1,2382.0,2502.0,0.95203835
3,51,2,2502.0,2502.0,1.0
3,52,0,1847.0,2554.0,0.72317934
3,52,1,2382.0,2554.0,0.9326547
3,52,2,2554.0,2554.0,1.0
3,53,0,1847.0,2624.0,0.7038872
3,53,1,2382.0,2624.0,0.9077744
3,53,2,2624.0,2624.0,1.0
3,54,0,1847.0,2697.0,0.684835
3,54,1,2382.0,2697.0,0.88320357
3,54,2,2697.0,2697.0,1.0
3,55,0,1847.0,2747.0,0.67236984
3,55,1,2747.0,2747.0,1.0
3,55,2,2697.0,2747.0,0.98179835
3,56,0,1847.0,2787.0,0.6627198
3,56,1,2787.0,2787.0,1.0
3,56,2,2697.0,2787.0,0.9677072
3,57,0,1847.0,2822.0,0.65450037
3,57,1,2822.0,2822.0,1.0
3,57,2,2697.0,2822.0,0.95570517
3,58,0,1847.0,2867.0,0.64422745
3,58,1,2867.0,2867.0,1.0
3,58,2,2697.0,2867.0,0.9407046
3,59,0,1847.0,2902.0,0.6364576
3,59,1,2867.0,2902.0,0.98793936
3,59,2,2902.0,2902.0,1.0
3,60,0,1847.0,2960.0,0.6239865
3,60,1,2867.0,2960.0,0.9685811
3,60,2,2960.0,2960.0,1.0
3,61,0,1847.0,3031.0,0.6093699
3,61,1,2867.0,3031.0,0.94589245
3,61,2,3031.0,3031.0,1.0
3,62,0,1847.0,3098.0,0.5961911
3,62,1,2867.0,3098.0,0.9254358
3,62,2,3098.0,3098.0,1.0
3,63,0,1847.0,3128.0,0.5904732
3,63,1,3128.0,3128.0,1.0
3,63,2,3098.0,3128.0,0.9904092
3,64,0,1847.0,3156.0,0.58523446
3,64,1,3156.0,3156.0,1.0
3,64,2,3098.0,3156.0,0.9816223
3,65,0,1847.0,3201.0,0.5770072
3,65,1,3156.0,3201.0,0.9859419
3,65,2,3201.0,3201.0,1.0
4,1,0,20.0,20.0,1.0
4,1,1,0.0,20.0,0.0
4,1,2,0.0,20.0,0.0
4,2,0,81.0,81.0,1.0
4,2,1,0.0,81.0,0.0
4,2,2,0.0,81.0,0.0
4,3,0,145.0,145.0,1.0
4,3,1,0.0,145.0,0.0
4,3,2,0.0,145.0,0.0
4,4,0,145.0,161.0,0.9006211
4,4,1,161.0,161.0,1.0
4,4,2,0.0,161.0,0.0
4,5,0,145.0,197.0,0.7360406
4,5,1,197.0,197.0,1.0
4,5,2,0.0,197.0,0.0
4,6,0,145.0,218.0,0.6651376
4,6,1,197.0,218.0,0.9036697
4,6,2,218.0,218.0,1.0
4,7,0,145.0,274.0,0.5291971
4,7,1,197.0,274.0,0.7189781
4,7,2,274.0,274.0,1.0
4,8,0,145.0,314.0,0.46178344
4,8,1,197.0,314.0,0.62738854
4,8,2,314.0,314.0,1.0
4,9,0,369.0,369.0,1.0
4,9,1,197.0,369.0,0.53387535
4,9,2,314.0,369.0,0.8509485
4,10,0,369.0,397.0,0.929471
4,10,1,397.0,397.0,1.0
4,10,2,314.0,397.0,0.790932
4,11,0,467.0,467.0,1.0
4,11,1,397.0,467.0,0.8501071
4,11,2,314.0,467.0,0.6723769
4,12,0,523.0,523.0,1.0
4,12,1,397.0,523.0,0.7590822
4,12,2,314.0,523.0,0.6003824
4,13,0,523.0,582.0,0.89862543
4,13,1,397.0,582.0,0.6821306
4,13,2,582.0,582.0,1.0
4,14,0,523.0,626.0,0.8354633
4,14,1,626.0,626.0,1.0
4,14,2,582.0,626.0,0.9297125
4,15,0,523.0,694.0,0.7536023
4,15,1,626.0,694.0,0.9020173
4,15,2,694.0,694.0,1.0
4,16,0,523.0,746.0,0.7010724
4,16,1,626.0,746.0,0.8391421
4,16,2,746.0,746.0,1.0
4,17,0,523.0,782.0,0.66879797
4,17,1,626.0,782.0,0.8005115
4,17,2,782.0,782.0,1.0
4,18,0,523.0,826.0,0.6331719
4,18,1,826.0,826.0,1.0
4,18,2,782.0,826.0,0.9467312
4,19,0,903.0,903.0,1.0
4,19,1,826.0,903.0,0.9147287
4,19,2,782.0,903.0,0.8660022
4,20,0,903.0,948.0,0.95253164
4,20,1,826.0,948.0,0.871308
4,20,2,948.0,948.0,1.0
4,21,0,1018.0,1018.0,1.0
4,21,1,826.0,1018.0,0.8113949
4,21,2,948.0,1018.0,0.9312377
4,22,0,1088.0,1088.0,1.0
4,22,1,826.0,1088.0,0.75919116
4,22,2,948.0,1088.0,0.8713235
4,23,0,1088.0,1134.0,0.95943564
4,23,1,1134.0,1134.0,1.0
4,23,2,948.0,1134.0,0.83597887
4,24,0,1088.0,1184.0,0.9189189
4,24,1,1184.0,1184.0,1.0
4,24,2,948.0,1184.0,0.8006757
4,25,0,1265.0,1265.0,1.0
4,25,1,1184.0,1265.0,0.9359684
4,25,2,948.0,1265.0,0.7494071
4,26,0,1265.0,1314.0,0.9627093
4,26,1,1314.0,1314.0,1.0
4,26,2,948.0,1314.0,0.7214612
4,27,0,1265.0,1347.0,0.939124
4,27,1,1347.0,1347.0,1.0
4,27,2,948.0,1347.0,0.7037862
4,28,0,1265.0,1382.0,0.91534007
4,28,1,1347.0,1382.0,0.9746744
4,28,2,1382.0,1382.0,1.0
4,29,0,1265.0,1416.0,0.89336157
4,29,1,1416.0,1416.0,1.0
4,29,2,1382.0,1416.0,0.9759887
4,30,0,1265.0,1485.0,0.8518519
4,30,1,1416.0,1485.0,0.9535354
4,30,2,1485.0,1485.0,1.0
4,31,0,1265.0,1556.0,0.812982
4,31,1,1416.0,1556.0,0.9100257
4,31,2,1556.0,1556.0,1.0
4,32,0,1265.0,1594.0,0.793601
4,32,1,1594.0,1594.0,1.0
4,32,2,1556.0,1594.0,0.9761606
4,33,0,1265.0,1636.0,0.7732274
4,33,1,1594.0,1636.0,0.9743276
4,33,2,1636.0,1636.0,1.0
4,34,0,1265.0,1697.0,0.7454331
4,34,1,1594.0,1697.0,0.93930465
4,34,2,1697.0,1697.0,1.0
4,35,0,1265.0,1732.0,0.7303695
4,35,1,1732.0,1732.0,1.0
4,35,2,1697.0,1732.0,0.9797921
4,36,0,1265.0,1787.0,0.70789033
4,36,1,1732.0,1787.0,0.9692222
4,36,2,1787.0,1787.0,1.0
4,37,0,1265.0,1827.0,0.6923919
4,37,1,1732.0,1827.0,0.94800216
4,37,2,1827.0,1827.0,1.0
4,38,0,1265.0,1863.0,0.67901236
4,38,1,1863.0,1863.0,1.0
4,38,2,1827.0,1863.0,0.98067635
4,39,0,1265.0,1908.0,0.6629979
4,39,1,1908.0,1908.0,1.0
4,39,2,1827.0,1908.0,0.9575472
4,40,0,1265.0,1963.0,0.6444218
4,40,1,1908.0,1963.0,0.97198164
4,40,2,1963.0,1963.0,1.0
4,41,0,1265.0,1989.0,0.635998
4,41,1,1989.0,1989.0,1.0
4,41,2,1963.0,1989.0,0.9869281
4,42,0,1265.0,2059.0,0.6143759
4,42,1,1989.0,2059.0,0.96600294
4,42,2,2059.0,2059.0,1.0
4,43,0,1265.0,2089.0,0.6055529
4,43,1,2089.0,2089.0,1.0
4,43,2,2059.0,2089.0,0.98563904
4,44,0,1265.0,2154.0,0.5872795
4,44,1,2089.0,2154.0,0.9698236
4,44,2,2154.0,2154.0,1.0
4,45,0,1265.0,2194.0,0.5765725
4,45,1,2194.0,2194.0,1.0
4,45,2,2154.0,2194.0,0.9817685
4,46,0,1265.0,2227.0,0.56802875
4,46,1,2227.0,2227.0,1.0
4,46,2,2154.0,2227.0,0.9672205
4,47,0,1265.0,2300.0,0.55
4,47,1,2227.0,2300.0,0.9682609
4,47,2,2300.0,2300.0,1.0
4,48,0,1265.0,2374.0,0.5328559
4,48,1,2227.0,2374.0,0.9380792
4,48,2,2374.0,2374.0,1.0
4,49,0,1265.0,2440.0,0.51844263
4,49,1,2227.0,2440.0,0.91270494
4,49,2,2440.0,2440.0,1.0
4,50,0,1265.0,2485.0,0.5090543
4,50,1,2227.0,2485.0,0.89617705
4,50,2,2485.0,2485.0,1.0
4,51,0,1265.0,2524.0,0.5011886
4,51,1,2524.0,2524.0,1.0
4,51,2,2485.0,2524.0,0.98454833
4,52,0,1265.0,2558.0,0.49452698
4,52,1,2558.0,2558.0,1.0
4,52,2,2485.0,2558.0,0.9714621
4,53,0,1265.0,2593.0,0.48785192
4,53,1,2593.0,2593.0,1.0
4,53,2,2485.0,2593.0,0.9583494
4,54,0,1265.0,2629.0,0.48117155
4,54,1,2629.0,2629.0,1.0
4,54,2,2485.0,2629.0,0.9452263
4,55,0,1265.0,2696.0,0.46921366
4,55,1,2629.0,2696.0,0.9751484
4,55,2,2696.0,2696.0,1.0
4,56,0,1265.0,2736.0,0.4623538
4,56,1,2736.0,2736.0,1.0
4,56,2,2696.0,2736.0,0.9853801
4,57,0,1265.0,2786.0,0.454056
4,57,1,2736.0,2786.0,0.9820531
4,57,2,2786.0,2786.0,1.0
4,58,0,1265.0,2844.0,0.44479606
4,58,1,2736.0,2844.0,0.96202534
4,58,2,2844.0,2844.0,1.0
4,59,0,1265.0,2893.0,0.43726236
4,59,1,2893.0,2893.0,1.0
4,59,2,2844.0,2893.0,0.98306257
4,60,0,1265.0,2939.0,0.43041852
4,60,1,2939.0,2939.0,1.0
4,60,2,2844.0,2939.0,0.9676761
4,61,0,1265.0,2996.0,0.42222965
4,61,1,2939.0,2996.0,0.9809746
4,61,2,2996.0,2996.0,1.0
4,62,0,1265.0,3066.0,0.4125897
4,62,1,2939.0,3066.0,0.95857793
4,62,2,3066.0,3066.0,1.0
4,63,0,1265.0,3111.0,0.40662166
4,63,1,2939.0,3111.0,0.94471234
4,63,2,3111.0,3111.0,1.0
4,64,0,1265.0,3152.0,0.4013325
4,64,1,3152.0,3152.0,1.0
4,64,2,3111.0,3152.0,0.98699236
4,65,0,1265.0,3186.0,0.3970496
4,65,1,3152.0,3186.0,0.9893283
4,65,2,3186.0,3186.0,1.0
5,1,0,15.0,15.0,1.0
5,1,1,0.0,15.0,0.0
5,1,2,0.0,15.0,0.0
5,2,0,15.0,41.0,0.36585367
5,2,1,41.0,41.0,1.0
5,2,2,0.0,41.0,0.0
5,3,0,111.0,111.0,1.0
5,3,1,41.0,111.0,0.36936936
5,3,2,0.0,111.0,0.0
5,4,0,190.0,190.0,1.0
5,4,1,41.0,190.0,0.21578947
5,4,2,0.0,190.0,0.0
5,5,0,231.0,231.0,1.0
5,5,1,41.0,231.0,0.17748918
5,5,2,0.0,231.0,0.0
5,6,0,292.0,292.0,1.0
5,6,1,41.0,292.0,0.14041096
5,6,2,0.0,292.0,0.0
5,7,0,362.0,362.0,1.0
5,7,1,41.0,362.0,0.113259666
5,7,2,0.0,362.0,0.0
5,8,0,362.0,406.0,0.89162564
5,8,1,406.0,406.0,1.0
5,8,2,0.0,406.0,0.0
5,9,0,362.0,434.0,0.8341014
5,9,1,434.0,434.0,1.0
5,9,2,0.0,434.0,0.0
5,10,0,362.0,461.0,0.7852495
5,10,1,434.0,461.0,0.94143164
5,10,2,461.0,461.0,1.0
5,11,0,521.0,521.0,1.0
5,11,1,434.0,521.0,0.8330134
5,11,2,461.0,521.0,0.88483685
5,12,0,521.0,557.0,0.93536806
5,12,1,557.0,557.0,1.0
5,12,2,461.0,557.0,0.8276481
5,13,0,521.0,597.0,0.8726968
5,13,1,557.0,597.0,0.9329983
5,13,2,597.0,597.0,1.0
5,14,0,521.0,656.0,0.79420733
5,14,1,557.0,656.0,0.8490854
5,14,2,656.0,656.0,1.0
5,15,0,726.0,726.0,1.0
5,15,1,557.0,726.0,0.76721764
5,15,2,656.0,726.0,0.90358126
5,16,0,726.0,766.0,0.94778067
5,16,1,557.0,766.0,0.7271541
5,16,2,766.0,766.0,1.0
5,17,0,726.0,799.0,0.9086358
5,17,1,799.0,799.0,1.0
5,17,2,766.0,799.0,0.9586984
5,18,0,726.0,844.0,0.86018956
5,18,1,799.0,844.0,0.94668245
5,18,2,844.0,844.0,1.0
5,19,0,726.0,880.0,0.825
5,19,1,880.0,880.0,1.0
5,19,2,844.0,880.0,0.9590909
5,20,0,726.0,950.0,0.7642105
5,20,1,880.0,950.0,0.9263158
5,20,2,950.0,950.0,1.0
5,21,0,726.0,994.0,0.7303823
5,21,1,994.0,994.0,1.0
5,21,2,950.0,994.0,0.95573443
5,22,0,726.0,1062.0,0.6836158
5,22,1,994.0,1062.0,0.9359699
5,22,2,1062.0,1062.0,1.0
5,23,0,726.0,1102.0,0.65880215
5,23,1,1102.0,1102.0,1.0
5,23,2,1062.0,1102.0,0.9637024
5,24,0,726.0,1140.0,0.63684213
5,24,1,1140.0,1140.0,1.0
5,24,2,1062.0,1140.0,0.93157893
5,25,0,1217.0,1217.0,1.0
5,25,1,1140.0,1217.0,0.93672967
5,25,2,1062.0,1217.0,0.8726376
5,26,0,1217.0,1270.0,0.9582677
5,26,1,1140.0,1270.0,0.8976378
5,26,2,1270.0,1270.0,1.0
5,27,0,1351.0,1351.0,1.0
5,27,1,1140.0,1351.0,0.8438194
5,27,2,1270.0,1351.0,0.9400444
5,28,0,1351.0,1400.0,0.965
5,28,1,1400.0,1400.0,1.0
5,28,2,1270.0,1400.0,0.9071429
5,29,0,1351.0,1445.0,0.9349481
5,29,1,1400.0,1445.0,0.9688581
5,29,2,1445.0,1445.0,1.0
5,30,0,1351.0,1519.0,0.8894009
5,30,1,1400.0,1519.0,0.921659
5,30,2,1519.0,1519.0,1.0
5,31,0,1351.0,1554.0,0.8693694
5,31,1,1554.0,1554.0,1.0
5,31,2,1519.0,1554.0,0.9774775
5,32,0,1351.0,1588.0,0.8507557
5,32,1,1588.0,1588.0,1.0
5,32,2,1519.0,1588.0,0.9565491
5,33,0,1351.0,1638.0,0.8247863
5,33,1,1588.0,1638.0,0.969475
5,33,2,1638.0,1638.0,1.0
5,34,0,1351.0,1679.0,0.8046456
5,34,1,1679.0,1679.0,1.0
5,34,2,1638.0,1679.0,0.9755807
5,35,0,1351.0,1715.0,0.78775513
5,35,1,1679.0,1715.0,0.97900873
5,35,2,1715.0,1715.0,1.0
5,36,0,1351.0,1756.0,0.7693622
5,36,1,1756.0,1756.0,1.0
5,36,2,1715.0,1756.0,0.9766515
5,37,0,1351.0,1813.0,0.74517375
5,37,1,1756.0,1813.0,0.9685604
5,37,2,1813.0,1813.0,1.0
5,38,0,1351.0,1848.0,0.7310606
5,38,1,1756.0,1848.0,0.9502165
5,38,2,1848.0,1848.0,1.0
5,39,0,1351.0,1904.0,0.70955884
5,39,1,1756.0,1904.0,0.9222689
5,39,2,1904.0,1904.0,1.0
5,40,0,1351.0,1972.0,0.68509126
5,40,1,1756.0,1972.0,0.8904665
5,40,2,1972.0,1972.0,1.0
5,41,0,1351.0,2008.0,0.67280877
5,41,1,2008.0,2008.0,1.0
5,41,2,1972.0,2008.0,0.9820717
5,42,0,1351.0,2079.0,0.64983165
5,42,1,2008.0,2079.0,0.965849
5,42,2,2079.0,2079.0,1.0
5,43,0,1351.0,2118.0,0.6378659
5,43,1,2008.0,2118.0,0.9480642
5,43,2,2118.0,2118.0,1.0
5,44,0,1351.0,2158.0,0.6260426
5,44,1,2158.0,2158.0,1.0
5,44,2,2118.0,2158.0,0.9814643
5,45,0,1351.0,2188.0,0.6174589
5,45,1,2188.0,2188.0,1.0
5,45,2,2118.0,2188.0,0.9680073
5,46,0,1351.0,2216.0,0.60965705
5,46,1,2216.0,2216.0,1.0
5,46,2,2118.0,2216.0,0.95577615
5,47,0,1351.0,2282.0,0.59202456
5,47,1,2216.0,2282.0,0.971078
5,47,2,2282.0,2282.0,1.0
5,48,0,1351.0,2321.0,0.58207667
5,48,1,2321.0,2321.0,1.0
5,48,2,2282.0,2321.0,0.9831969
5,49,0,1351.0,2370.0,0.5700422
5,49,1,2370.0,2370.0,1.0
5,49,2,2282.0,2370.0,0.9628692
5,50,0,1351.0,2406.0,0.5615129
5,50,1,2370.0,2406.0,0.9850374
5,50,2,2406.0,2406.0,1.0
5,51,0,1351.0,2442.0,0.55323505
5,51,1,2442.0,2442.0,1.0
5,51,2,2406.0,2442.0,0.985258
5,52,0,1351.0,2509.0,0.53846157
5,52,1,2442.0,2509.0,0.9732961
5,52,2,2509.0,2509.0,1.0
5,53,0,1351.0,2543.0,0.5312623
5,53,1,2543.0,2543.0,1.0
5,53,2,2509.0,2543.0,0.98662996
5,54,0,1351.0,2613.0,0.51703024
5,54,1,2543.0,2613.0,0.9732109
5,54,2,2613.0,2613.0,1.0
5,55,0,1351.0,2687.0,0.5027912
5,55,1,2543.0,2687.0,0.9464086
5,55,2,2687.0,2687.0,1.0
5,56,0,1351.0,2732.0,0.49450952
5,56,1,2732.0,2732.0,1.0
5,56,2,2687.0,2732.0,0.98352855
5,57,0,1351.0,2789.0,0.484403
5,57,1,2732.0,2789.0,0.9795626
5,57,2,2789.0,2789.0,1.0
5,58,0,1351.0,2844.0,0.47503516
5,58,1,2732.0,2844.0,0.96061885
5,58,2,2844.0,2844.0,1.0
5,59,0,1351.0,2905.0,0.46506023
5,59,1,2732.0,2905.0,0.9404475
5,59,2,2905.0,2905.0,1.0
5,60,0,1351.0,2970.0,0.45488214
5,60,1,2732.0,2970.0,0.9198653
5,60,2,2970.0,2970.0,1.0
5,61,0,1351.0,3025.0,0.44661158
5,61,1,2732.0,3025.0,0.9031405
5,61,2,3025.0,3025.0,1.0
5,62,0,1351.0,3065.0,0.44078302
5,62,1,2732.0,3065.0,0.891354
5,62,2,3065.0,3065.0,1.0
5,63,0,1351.0,3091.0,0.43707538
5,63,1,3091.0,3091.0,1.0
5,63,2,3065.0,3091.0,0.9915885
5,64,0,1351.0,3141.0,0.4301178
5,64,1,3141.0,3141.0,1.0
5,64,2,3065.0,3141.0,0.9758039
5,65,0,1351.0,3171.0,0.42604858
5,65,1,3171.0,3171.0,1.0
5,65,2,3065.0,3171.0,0.96657205
6,1,0,37.0,37.0,1.0
6,1,1,0.0,37.0,0.0
6,1,2,0.0,37.0,0.0
6,2,0,97.0,97.0,1.0
6,2,1,0.0,97.0,0.0
6,2,2,0.0,97.0,0.0
6,3,0,97.0,113.0,0.8584071
6,3,1,113.0,113.0,1.0
6,3,2,0.0,113.0,0.0
6,4,0,97.0,134.0,0.7238806
6,4,1,113.0,134.0,0.8432836
6,4,2,134.0,134.0,1.0
6,5,0,204.0,204.0,1.0
6,5,1,113.0,204.0,0.5539216
6,5,2,134.0,204.0,0.65686274
6,6,0,280.0,280.0,1.0
6,6,1,113.0,280.0,0.40357143
6,6,2,134.0,280.0,0.47857141
6,7,0,361.0,361.0,1.0
6,7,1,113.0,361.0,0.3130194
6,7,2,134.0,361.0,0.37119114
6,8,0,361.0,401.0,0.90024936
6,8,1,401.0,401.0,1.0
6,8,2,134.0,401.0,0.3341646
6,9,0,457.0,457.0,1.0
6,9,1,401.0,457.0,0.87746173
6,9,2,134.0,457.0,0.29321662
6,10,0,457.0,498.0,0.91767067
6,10,1,498.0,498.0,1.0
6,10,2,134.0,498.0,0.26907632
6,11,0,457.0,532.0,0.85902256
6,11,1,532.0,532.0,1.0
6,11,2,134.0,532.0,0.2518797
6,12,0,457.0,567.0,0.8059965
6,12,1,532.0,567.0,0.9382716
6,12,2,567.0,567.0,1.0
6,13,0,631.0,631.0,1.0
6,13,1,532.0,631.0,0.8431062
6,13,2,567.0,631.0,0.8985737
6,14,0,631.0,705.0,0.89503545
6,14,1,532.0,705.0,0.75460994
6,14,2,705.0,705.0,1.0
6,15,0,631.0,760.0,0.83026314
6,15,1,532.0,760.0,0.7
6,15,2,760.0,760.0,1.0
6,16,0,631.0,819.0,0.7704518
6,16,1,532.0,819.0,0.6495727
6,16,2,819.0,819.0,1.0
6,17,0,631.0,885.0,0.71299434
6,17,1,532.0,885.0,0.60112995
6,17,2,885.0,885.0,1.0
6,18,0,631.0,940.0,0.67127657
6,18,1,532.0,940.0,0.5659574
6,18,2,940.0,940.0,1.0
6,19,0,1010.0,1010.0,1.0
6,19,1,532.0,1010.0,0.5267327
6,19,2,940.0,1010.0,0.9306931
6,20,0,1080.0,1080.0,1.0
6,20,1,532.0,1080.0,0.4925926
6,20,2,940.0,1080.0,0.8703704
6,21,0,1080.0,1111.0,0.9720972
6,21,1,1111.0,1111.0,1.0
6,21,2,940.0,1111.0,0.8460846
6,22,0,1080.0,1167.0,0.92544985
6,22,1,1111.0,1167.0,0.95201373
6,22,2,1167.0,1167.0,1.0
6,23,0,1080.0,1200.0,0.9
6,23,1,1200.0,1200.0,1.0
6,23,2,1167.0,1200.0,0.9725
6,24,0,1080.0,1239.0,0.8716707
6,24,1,1239.0,1239.0,1.0
6,24,2,1167.0,1239.0,0.94188863
6,25,0,1294.0,1294.0,1.0
6,25,1,1239.0,1294.0,0.9574961
6,25,2,1167.0,1294.0,0.9018547
6,26,0,1294.0,1327.0,0.97513187
6,26,1,1327.0,1327.0,1.0
6,26,2,1167.0,1327.0,0.87942725
6,27,0,1294.0,1371.0,0.9438366
6,27,1,1371.0,1371.0,1.0
6,27,2,1167.0,1371.0,0.8512035
6,28,0,1294.0,1416.0,0.9138418
6,28,1,1371.0,1416.0,0.96822035
6,28,2,1416.0,1416.0,1.0
6,29,0,1294.0,1454.0,0.88995874
6,29,1,1454.0,1454.0,1.0
6,29,2,1416.0,1454.0,0.9738652
6,30,0,1294.0,1528.0,0.8468586
6,30,1,1454.0,1528.0,0.9515707
6,30,2,1528.0,1528.0,1.0
6,31,0,1294.0,1577.0,0.8205453
6,31,1,1577.0,1577.0,1.0
6,31,2,1528.0,1577.0,0.96892834
6,32,0,1294.0,1612.0,0.80272955
6,32,1,1612.0,1612.0,1.0
6,32,2,1528.0,1612.0,0.9478908
6,33,0,1294.0,1647.0,0.78567094
6,33,1,1612.0,1647.0,0.9787492
6,33,2,1647.0,1647.0,1.0
6,34,0,1294.0,1714.0,0.75495917
6,34,1,1612.0,1714.0,0.94049007
6,34,2,1714.0,1714.0,1.0
6,35,0,1294.0,1760.0,0.7352273
6,35,1,1760.0,1760.0,1.0
6,35,2,1714.0,1760.0,0.97386366
6,36,0,1294.0,1828.0,0.70787746
6,36,1,1760.0,1828.0,0.96280086
6,36,2,1828.0,1828.0,1.0
6,37,0,1294.0,1880.0,0.68829787
6,37,1,1760.0,1880.0,0.9361702
6,37,2,1880.0,1880.0,1.0
6,38,0,1294.0,1920.0,0.67395836
6,38,1,1760.0,1920.0,0.9166667
6,38,2,1920.0,1920.0,1.0
6,39,0,1294.0,1991.0,0.64992464
6,39,1,1760.0,1991.0,0.8839779
6,39,2,1991.0,1991.0,1.0
6,40,0,1294.0,2041.0,0.6340029
6,40,1,2041.0,2041.0,1.0
6,40,2,1991.0,2041.0,0.9755022
6,41,0,1294.0,2083.0,0.6212194
6,41,1,2041.0,2083.0,0.97983676
6,41,2,2083.0,2083.0,1.0
6,42,0,1294.0,2119.0,0.6106654
6,42,1,2041.0,2119.0,0.9631902
6,42,2,2119.0,2119.0,1.0
6,43,0,1294.0,2163.0,0.5982432
6,43,1,2163.0,2163.0,1.0
6,43,2,2119.0,2163.0,0.9796579
6,44,0,1294.0,2193.0,0.5900593
6,44,1,2193.0,2193.0,1.0
6,44,2,2119.0,2193.0,0.96625626
6,45,0,1294.0,2254.0,0.5740905
6,45,1,2193.0,2254.0,0.972937
6,45,2,2254.0,2254.0,1.0
6,46,0,1294.0,2290.0,0.5650655
6,46,1,2290.0,2290.0,1.0
6,46,2,2254.0,2290.0,0.98427945
6,47,0,1294.0,2355.0,0.54946923
6,47,1,2290.0,2355.0,0.9723992
6,47,2,2355.0,2355.0,1.0
6,48,0,1294.0,2391.0,0.54119617
6,48,1,2391.0,2391.0,1.0
6,48,2,2355.0,2391.0,0.9849435
6,49,0,1294.0,2425.0,0.53360826
6,49,1,2425.0,2425.0,1.0
6,49,2,2355.0,2425.0,0.971134
6,50,0,1294.0,2474.0,0.52303964
6,50,1,2474.0,2474.0,1.0
6,50,2,2355.0,2474.0,0.95189977
6,51,0,1294.0,2519.0,0.5136959
6,51,1,2519.0,2519.0,1.0
6,51,2,2355.0,2519.0,0.9348948
6,52,0,1294.0,2589.0,0.49980688
6,52,1,2519.0,2589.0,0.97296256
6,52,2,2589.0,2589.0,1.0
6,53,0,1294.0,2624.0,0.49314025
6,53,1,2624.0,2624.0,1.0
6,53,2,2589.0,2624.0,0.9866616
6,54,0,1294.0,2657.0,0.48701543
6,54,1,2657.0,2657.0,1.0
6,54,2,2589.0,2657.0,0.97440726
6,55,0,1294.0,2702.0,0.47890452
6,55,1,2657.0,2702.0,0.9833457
6,55,2,2702.0,2702.0,1.0
6,56,0,1294.0,2752.0,0.4702035
6,56,1,2657.0,2752.0,0.9654797
6,56,2,2752.0,2752.0,1.0
6,57,0,1294.0,2792.0,0.46346706
6,57,1,2657.0,2792.0,0.9516476
6,57,2,2792.0,2792.0,1.0
6,58,0,1294.0,2838.0,0.4559549
6,58,1,2838.0,2838.0,1.0
6,58,2,2792.0,2838.0,0.9837914
6,59,0,1294.0,2879.0,0.4494616
6,59,1,2879.0,2879.0,1.0
6,59,2,2792.0,2879.0,0.96978116
6,60,0,1294.0,2918.0,0.4434544
6,60,1,2879.0,2918.0,0.9866347
6,60,2,2918.0,2918.0,1.0
6,61,0,1294.0,2988.0,0.4330656
6,61,1,2879.0,2988.0,0.96352077
6,61,2,2988.0,2988.0,1.0
6,62,0,1294.0,3056.0,0.4234293
6,62,1,2879.0,3056.0,0.94208115
6,62,2,3056.0,3056.0,1.0
6,63,0,1294.0,3113.0,0.4156762
6,63,1,2879.0,3113.0,0.92483133
6,63,2,3113.0,3113.0,1.0
6,64,0,1294.0,3153.0,0.4104028
6,64,1,3153.0,3153.0,1.0
6,64,2,3113.0,3153.0,0.9873137
6,65,0,1294.0,3211.0,0.40298972
6,65,1,3153.0,3211.0,0.9819371
6,65,2,3211.0,3211.0,1.0
7,1,0,41.0,41.0,1.0
7,1,1,0.0,41.0,0.0
7,1,2,0.0,41.0,0.0
7,2,0,41.0,55.0,0.74545455
7,2,1,55.0,55.0,1.0
7,2,2,0.0,55.0,0.0
7,3,0,125.0,125.0,1.0
7,3,1,55.0,125.0,0.44
7,3,2,0.0,125.0,0.0
7,4,0,125.0,163.0,0.76687115
7,4,1,163.0,163.0,1.0
7,4,2,0.0,163.0,0.0
7,5,0,240.0,240.0,1.0
7,5,1,163.0,240.0,0.6791667
7,5,2,0.0,240.0,0.0
7,6,0,296.0,296.0,1.0
7,6,1,163.0,296.0,0.5506757
7,6,2,0.0,296.0,0.0
7,7,0,296.0,355.0,0.8338028
7,7,1,163.0,355.0,0.45915493
7,7,2,355.0,355.0,1.0
7,8,0,296.0,391.0,0.7570332
7,8,1,391.0,391.0,1.0
7,8,2,355.0,391.0,0.9079284
7,9,0,461.0,461.0,1.0
7,9,1,391.0,461.0,0.84815615
7,9,2,355.0,461.0,0.77006507
7,10,0,461.0,510.0,0.90392154
7,10,1,510.0,510.0,1.0
7,10,2,355.0,510.0,0.6960784
7,11,0,565.0,565.0,1.0
7,11,1,510.0,565.0,0.9026549
7,11,2,355.0,565.0,0.6283186
7,12,0,565.0,605.0,0.9338843
7,12,1,605.0,605.0,1.0
7,12,2,355.0,605.0,0.58677685
7,13,0,565.0,640.0,0.8828125
7,13,1,605.0,640.0,0.9453125
7,13,2,640.0,640.0,1.0
7,14,0,565.0,689.0,0.820029
7,14,1,689.0,689.0,1.0
7,14,2,640.0,689.0,0.9288824
7,15,0,565.0,735.0,0.76870745
7,15,1,735.0,735.0,1.0
7,15,2,640.0,735.0,0.8707483
7,16,0,565.0,805.0,0.70186335
7,16,1,735.0,805.0,0.9130435
7,16,2,805.0,805.0,1.0
7,17,0,565.0,876.0,0.64497715
7,17,1,735.0,876.0,0.8390411
7,17,2,876.0,876.0,1.0
7,18,0,946.0,946.0,1.0
7,18,1,735.0,946.0,0.7769556
7,18,2,876.0,946.0,0.92600423
7,19,0,1006.0,1006.0,1.0
7,19,1,735.0,1006.0,0.73061633
7,19,2,876.0,1006.0,0.87077534
7,20,0,1006.0,1080.0,0.9314815
7,20,1,735.0,1080.0,0.6805556
7,20,2,1080.0,1080.0,1.0
7,21,0,1141.0,1141.0,1.0
7,21,1,735.0,1141.0,0.6441718
7,21,2,1080.0,1141.0,0.94653815
7,22,0,1141.0,1171.0,0.97438085
7,22,1,1171.0,1171.0,1.0
7,22,2,1080.0,1171.0,0.92228866
7,23,0,1235.0,1235.0,1.0
7,23,1,1171.0,1235.0,0.9481781
7,23,2,1080.0,1235.0,0.87449396
7,24,0,1235.0,1271.0,0.9716759
7,24,1,1271.0,1271.0,1.0
7,24,2,1080.0,1271.0,0.84972465
7,25,0,1235.0,1307.0,0.944912
7,25,1,1307.0,1307.0,1.0
7,25,2,1080.0,1307.0,0.8263198
7,26,0,1235.0,1347.0,0.91685224
7,26,1,1307.0,1347.0,0.97030437
7,26,2,1347.0,1347.0,1.0
7,27,0,1235.0,1380.0,0.89492756
7,27,1,1380.0,1380.0,1.0
7,27,2,1347.0,1380.0,0.976087
7,28,0,1235.0,1422.0,0.8684951
7,28,1,1380.0,1422.0,0.9704641
7,28,2,1422.0,1422.0,1.0
7,29,0,1235.0,1467.0,0.8418541
7,29,1,1380.0,1467.0,0.9406953
7,29,2,1467.0,1467.0,1.0
7,30,0,1235.0,1522.0,0.8114323
7,30,1,1380.0,1522.0,0.9067017
7,30,2,1522.0,1522.0,1.0
7,31,0,1235.0,1555.0,0.7942122
7,31,1,1555.0,1555.0,1.0
7,31,2,1522.0,1555.0,0.9787781
7,32,0,1235.0,1595.0,0.7742947
7,32,1,1555.0,1595.0,0.97492164
7,32,2,1595.0,1595.0,1.0
7,33,0,1235.0,1640.0,0.7530488
7,33,1,1555.0,1640.0,0.9481707
7,33,2,1640.0,1640.0,1.0
7,34,0,1235.0,1675.0,0.73731345
7,34,1,1675.0,1675.0,1.0
7,34,2,1640.0,1675.0,0.97910446
7,35,0,1235.0,1730.0,0.71387285
7,35,1,1675.0,1730.0,0.9682081
7,35,2,1730.0,1730.0,1.0
7,36,0,1235.0,1800.0,0.6861111
7,36,1,1675.0,1800.0,0.9305556
7,36,2,1800.0,1800.0,1.0
7,37,0,1235.0,1844.0,0.6697397
7,37,1,1844.0,1844.0,1.0
7,37,2,1800.0,1844.0,0.97613883
7,38,0,1235.0,1910.0,0.64659685
7,38,1,1844.0,1910.0,0.96544504
7,38,2,1910.0,1910.0,1.0
7,39,0,1235.0,1983.0,0.62279373
7,39,1,1844.0,1983.0,0.92990416
7,39,2,1983.0,1983.0,1.0
7,40,0,1235.0,2023.0,0.6104795
7,40,1,2023.0,2023.0,1.0
7,40,2,1983.0,2023.0,0.9802274
7,41,0,1235.0,2057.0,0.60038894
7,41,1,2057.0,2057.0,1.0
7,41,2,1983.0,2057.0,0.96402526
7,42,0,1235.0,2096.0,0.58921754
7,42,1,2096.0,2096.0,1.0
7,42,2,1983.0,2096.0,0.9460878
7,43,0,1235.0,2149.0,0.5746859
7,43,1,2096.0,2149.0,0.9753374
7,43,2,2149.0,2149.0,1.0
7,44,0,1235.0,2208.0,0.5593297
7,44,1,2096.0,2208.0,0.9492754
7,44,2,2208.0,2208.0,1.0
7,45,0,1235.0,2252.0,0.5484014
7,45,1,2252.0,2252.0,1.0
7,45,2,2208.0,2252.0,0.98046184
7,46,0,1235.0,2313.0,0.5339386
7,46,1,2252.0,2313.0,0.9736273
7,46,2,2313.0,2313.0,1.0
7,47,0,1235.0,2344.0,0.5268771
7,47,1,2344.0,2344.0,1.0
7,47,2,2313.0,2344.0,0.98677474
7,48,0,1235.0,2409.0,0.51266086
7,48,1,2344.0,2409.0,0.9730179
7,48,2,2409.0,2409.0,1.0
7,49,0,1235.0,2459.0,0.50223666
7,49,1,2344.0,2459.0,0.953233
7,49,2,2459.0,2459.0,1.0
7,50,0,1235.0,2495.0,0.49499
7,50,1,2344.0,2495.0,0.93947893
7,50,2,2495.0,2495.0,1.0
7,51,0,1235.0,2530.0,0.48814228
7,51,1,2530.0,2530.0,1.0
7,51,2,2495.0,2530.0,0.986166
7,52,0,1235.0,2566.0,0.48129386
7,52,1,2566.0,2566.0,1.0
7,52,2,2495.0,2566.0,0.97233045
7,53,0,1235.0,2599.0,0.47518277
7,53,1,2599.0,2599.0,1.0
7,53,2,2495.0,2599.0,0.9599846
7,54,0,1235.0,2640.0,0.46780303
7,54,1,2640.0,2640.0,1.0
7,54,2,2495.0,2640.0,0.94507575
7,55,0,1235.0,2685.0,0.45996276
7,55,1,2640.0,2685.0,0.98324025
7,55,2,2685.0,2685.0,1.0
7,56,0,1235.0,2737.0,0.45122397
7,56,1,2640.0,2737.0,0.96455973
7,56,2,2737.0,2737.0,1.0
7,57,0,1235.0,2778.0,0.44456443
7,57,1,2778.0,2778.0,1.0
7,57,2,2737.0,2778.0,0.9852412
7,58,0,1235.0,2812.0,0.4391892
7,58,1,2778.0,2812.0,0.98790896
7,58,2,2812.0,2812.0,1.0
7,59,0,1235.0,2848.0,0.43363765
7,59,1,2778.0,2848.0,0.97542137
7,59,2,2848.0,2848.0,1.0
7,60,0,1235.0,2893.0,0.4268925
7,60,1,2893.0,2893.0,1.0
7,60,2,2848.0,2893.0,0.9844452
7,61,0,1235.0,2960.0,0.41722974
7,61,1,2893.0,2960.0,0.97736484
7,61,2,2960.0,2960.0,1.0
7,62,0,1235.0,3016.0,0.40948275
7,62,1,2893.0,3016.0,0.9592175
7,62,2,3016.0,3016.0,1.0
7,63,0,1235.0,3084.0,0.40045395
7,63,1,2893.0,3084.0,0.93806744
7,63,2,3084.0,3084.0,1.0
7,64,0,1235.0,3136.0,0.3938138
7,64,1,2893.0,3136.0,0.92251277
7,64,2,3136.0,3136.0,1.0
7,65,0,1235.0,3186.0,0.38763338
7,65,1,3186.0,3186.0,1.0
7,65,2,3136.0,3186.0,0.98430634
8,1,0,30.0,30.0,1.0
8,1,1,0.0,30.0,0.0
8,1,2,0.0,30.0,0.0
8,2,0,86.0,86.0,1.0
8,2,1,0.0,86.0,0.0
8,2,2,0.0,86.0,0.0
8,3,0,156.0,156.0,1.0
8,3,1,0.0,156.0,0.0
8,3,2,0.0,156.0,0.0
8,4,0,232.0,232.0,1.0
8,4,1,0.0,232.0,0.0
8,4,2,0.0,232.0,0.0
8,5,0,302.0,302.0,1.0
8,5,1,0.0,302.0,0.0
8,5,2,0.0,302.0,0.0
8,6,0,362.0,362.0,1.0
8,6,1,0.0,362.0,0.0
8,6,2,0.0,362.0,0.0
8,7,0,443.0,443.0,1.0
8,7,1,0.0,443.0,0.0
8,7,2,0.0,443.0,0.0
8,8,0,443.0,457.0,0.9693654
8,8,1,457.0,457.0,1.0
8,8,2,0.0,457.0,0.0
8,9,0,443.0,495.0,0.8949495
8,9,1,495.0,495.0,1.0
8,9,2,0.0,495.0,0.0
8,10,0,443.0,539.0,0.8218924
8,10,1,539.0,539.0,1.0
8,10,2,0.0,539.0,0.0
8,11,0,618.0,618.0,1.0
8,11,1,539.0,618.0,0.8721683
8,11,2,0.0,618.0,0.0
8,12,0,618.0,662.0,0.93353474
8,12,1,662.0,662.0,1.0
8,12,2,0.0,662.0,0.0
8,13,0,618.0,690.0,0.8956522
8,13,1,690.0,690.0,1.0
8,13,2,0.0,690.0,0.0
8,14,0,618.0,736.0,0.83967394
8,14,1,690.0,736.0,0.9375
8,14,2,736.0,736.0,1.0
8,15,0,618.0,801.0,0.7715356
8,15,1,690.0,801.0,0.8614232
8,15,2,801.0,801.0,1.0
8,16,0,618.0,836.0,0.73923445
8,16,1,836.0,836.0,1.0
8,16,2,801.0,836.0,0.958134
8,17,0,618.0,910.0,0.6791209
8,17,1,836.0,910.0,0.9186813
8,17,2,910.0,910.0,1.0
8,18,0,987.0,987.0,1.0
8,18,1,836.0,987.0,0.84701115
8,18,2,910.0,987.0,0.9219858
8,19,0,987.0,1028.0,0.96011674
8,19,1,1028.0,1028.0,1.0
8,19,2,910.0,1028.0,0.88521403
8,20,0,987.0,1059.0,0.9320113
8,20,1,1059.0,1059.0,1.0
8,20,2,910.0,1059.0,0.8593012
8,21,0,987.0,1095.0,0.90136987
8,21,1,1059.0,1095.0,0.96712327
8,21,2,1095.0,1095.0,1.0
8,22,0,987.0,1131.0,0.87267905
8,22,1,1059.0,1131.0,0.9363395
8,22,2,1131.0,1131.0,1.0
8,23,0,987.0,1167.0,0.8457584
8,23,1,1167.0,1167.0,1.0
8,23,2,1131.0,1167.0,0.9691517
8,24,0,987.0,1216.0,0.81167763
8,24,1,1216.0,1216.0,1.0
8,24,2,1131.0,1216.0,0.9300987
8,25,0,987.0,1261.0,0.78271216
8,25,1,1261.0,1261.0,1.0
8,25,2,1131.0,1261.0,0.8969072
8,26,0,987.0,1297.0,0.76098686
8,26,1,1297.0,1297.0,1.0
8,26,2,1131.0,1297.0,0.8720123
8,27,0,1337.0,1337.0,1.0
8,27,1,1297.0,1337.0,0.9700823
8,27,2,1131.0,1337.0,0.8459237
8,28,0,1337.0,1377.0,0.9709513
8,28,1,1377.0,1377.0,1.0
8,28,2,1131.0,1377.0,0.82135075
8,29,0,1337.0,1412.0,0.94688386
8,29,1,1377.0,1412.0,0.97521245
8,29,2,1412.0,1412.0,1.0
8,30,0,1337.0,1478.0,0.9046008
8,30,1,1377.0,1478.0,0.9316644
8,30,2,1478.0,1478.0,1.0
8,31,0,1337.0,1537.0,0.8698764
8,31,1,1377.0,1537.0,0.8959011
8,31,2,1537.0,1537.0,1.0
8,32,0,1337.0,1570.0,0.85159236
8,32,1,1570.0,1570.0,1.0
8,32,2,1537.0,1570.0,0.9789809
8,33,0,1337.0,1621.0,0.8247995
8,33,1,1570.0,1621.0,0.9685379
8,33,2,1621.0,1621.0,1.0
8,34,0,1337.0,1666.0,0.802521
8,34,1,1570.0,1666.0,0.942377
8,34,2,1666.0,1666.0,1.0
8,35,0,1337.0,1729.0,0.77327937
8,35,1,1570.0,1729.0,0.90803933
8,35,2,1729.0,1729.0,1.0
8,36,0,1337.0,1770.0,0.7553672
8,36,1,1770.0,1770.0,1.0
8,36,2,1729.0,1770.0,0.97683614
8,37,0,1337.0,1809.0,0.73908234
8,37,1,1809.0,1809.0,1.0
8,37,2,1729.0,1809.0,0.9557767
8,38,0,1337.0,1843.0,0.72544765
8,38,1,1809.0,1843.0,0.9815518
8,38,2,1843.0,1843.0,1.0
8,39,0,1337.0,1878.0,0.7119276
8,39,1,1809.0,1878.0,0.9632588
8,39,2,1878.0,1878.0,1.0
8,40,0,1337.0,1945.0,0.6874036
8,40,1,1809.0,1945.0,0.93007714
8,40,2,1945.0,1945.0,1.0
8,41,0,1337.0,2016.0,0.6631944
8,41,1,1809.0,2016.0,0.8973214
8,41,2,2016.0,2016.0,1.0
8,42,0,1337.0,2073.0,0.644959
8,42,1,1809.0,2073.0,0.87264836
8,42,2,2073.0,2073.0,1.0
8,43,0,1337.0,2122.0,0.630066
8,43,1,2122.0,2122.0,1.0
8,43,2,2073.0,2122.0,0.97690856
8,44,0,1337.0,2152.0,0.6212825
8,44,1,2152.0,2152.0,1.0
8,44,2,2073.0,2152.0,0.96329
8,45,0,1337.0,2222.0,0.6017102
8,45,1,2152.0,2222.0,0.96849686
8,45,2,2222.0,2222.0,1.0
8,46,0,1337.0,2267.0,0.5897662
8,46,1,2152.0,2267.0,0.94927216
8,46,2,2267.0,2267.0,1.0
8,47,0,1337.0,2313.0,0.5780372
8,47,1,2313.0,2313.0,1.0
8,47,2,2267.0,2313.0,0.98011243
8,48,0,1337.0,2355.0,0.5677282
8,48,1,2313.0,2355.0,0.98216563
8,48,2,2355.0,2355.0,1.0
8,49,0,1337.0,2390.0,0.5594142
8,49,1,2390.0,2390.0,1.0
8,49,2,2355.0,2390.0,0.9853557
8,50,0,1337.0,2424.0,0.5515677
8,50,1,2424.0,2424.0,1.0
8,50,2,2355.0,2424.0,0.97153467
8,51,0,1337.0,2457.0,0.54415953
8,51,1,2457.0,2457.0,1.0
8,51,2,2355.0,2457.0,0.95848596
8,52,0,1337.0,2502.0,0.5343725
8,52,1,2457.0,2502.0,0.9820144
8,52,2,2502.0,2502.0,1.0
8,53,0,1337.0,2552.0,0.52390283
8,53,1,2457.0,2552.0,0.9627743
8,53,2,2552.0,2552.0,1.0
8,54,0,1337.0,2592.0,0.5158179
8,54,1,2457.0,2592.0,0.9479167
8,54,2,2592.0,2592.0,1.0
8,55,0,1337.0,2662.0,0.50225395
8,55,1,2457.0,2662.0,0.92299026
8,55,2,2662.0,2662.0,1.0
8,56,0,1337.0,2736.0,0.4886696
8,56,1,2457.0,2736.0,0.8980263
8,56,2,2736.0,2736.0,1.0
8,57,0,1337.0,2782.0,0.4805895
8,57,1,2782.0,2782.0,1.0
8,57,2,2736.0,2782.0,0.98346514
8,58,0,1337.0,2855.0,0.46830124
8,58,1,2782.0,2855.0,0.9744308
8,58,2,2855.0,2855.0,1.0
8,59,0,1337.0,2905.0,0.46024096
8,59,1,2905.0,2905.0,1.0
8,59,2,2855.0,2905.0,0.9827883
8,60,0,1337.0,2962.0,0.4513842
8,60,1,2905.0,2962.0,0.9807562
8,60,2,2962.0,2962.0,1.0
8,61,0,1337.0,3002.0,0.44536975
8,61,1,3002.0,3002.0,1.0
8,61,2,2962.0,3002.0,0.98667556
8,62,0,1337.0,3057.0,0.4373569
8,62,1,3002.0,3057.0,0.9820085
8,62,2,3057.0,3057.0,1.0
8,63,0,1337.0,3115.0,0.4292135
8,63,1,3002.0,3115.0,0.9637239
8,63,2,3115.0,3115.0,1.0
8,64,0,1337.0,3170.0,0.42176655
8,64,1,3002.0,3170.0,0.9470031
8,64,2,3170.0,3170.0,1.0
8,65,0,1337.0,3201.0,0.41768196
8,65,1,3201.0,3201.0,1.0
8,65,2,3170.0,3201.0,0.9903155
9,1,0,41.0,41.0,1.0
9,1,1,0.0,41.0,0.0
9,1,2,0.0,41.0,0.0
9,2,0,96.0,96.0,1.0
9,2,1,0.0,96.0,0.0
9,2,2,0.0,96.0,0.0
9,3,0,172.0,172.0,1.0
9,3,1,0.0,172.0,0.0
9,3,2,0.0,172.0,0.0
9,4,0,236.0,236.0,1.0
9,4,1,0.0,236.0,0.0
9,4,2,0.0,236.0,0.0
9,5,0,306.0,306.0,1.0
9,5,1,0.0,306.0,0.0
9,5,2,0.0,306.0,0.0
9,6,0,383.0,383.0,1.0
9,6,1,0.0,383.0,0.0
9,6,2,0.0,383.0,0.0
9,7,0,383.0,401.0,0.9551122
9,7,1,401.0,401.0,1.0
9,7,2,0.0,401.0,0.0
9,8,0,383.0,460.0,0.8326087
9,8,1,401.0,460.0,0.87173915
9,8,2,460.0,460.0,1.0
9,9,0,383.0,506.0,0.756917
9,9,1,506.0,506.0,1.0
9,9,2,460.0,506.0,0.90909094
9,10,0,383.0,548.0,0.6989051
9,10,1,506.0,548.0,0.92335767
9,10,2,548.0,548.0,1.0
9,11,0,618.0,618.0,1.0
9,11,1,506.0,618.0,0.81877023
9,11,2,548.0,618.0,0.8867314
9,12,0,618.0,654.0,0.94495416
9,12,1,654.0,654.0,1.0
9,12,2,548.0,654.0,0.8379205
9,13,0,618.0,687.0,0.8995633
9,13,1,687.0,687.0,1.0
9,13,2,548.0,687.0,0.797671
9,14,0,618.0,721.0,0.85714287
9,14,1,721.0,721.0,1.0
9,14,2,548.0,721.0,0.7600555
9,15,0,618.0,761.0,0.8120894
9,15,1,721.0,761.0,0.9474376
9,15,2,761.0,761.0,1.0
9,16,0,618.0,810.0,0.76296294
9,16,1,810.0,810.0,1.0
9,16,2,761.0,810.0,0.9395062
9,17,0,618.0,880.0,0.7022727
9,17,1,810.0,880.0,0.92045456
9,17,2,880.0,880.0,1.0
9,18,0,936.0,936.0,1.0
9,18,1,810.0,936.0,0.86538464
9,18,2,880.0,936.0,0.94017094
9,19,0,936.0,981.0,0.95412844
9,19,1,810.0,981.0,0.82568806
9,19,2,981.0,981.0,1.0
9,20,0,936.0,1022.0,0.9158513
9,20,1,1022.0,1022.0,1.0
9,20,2,981.0,1022.0,0.95988256
9,21,0,936.0,1096.0,0.8540146
9,21,1,1022.0,1096.0,0.93248177
9,21,2,1096.0,1096.0,1.0
9,22,0,936.0,1166.0,0.80274445
9,22,1,1022.0,1166.0,0.87650084
9,22,2,1166.0,1166.0,1.0
9,23,0,936.0,1239.0,0.7554479
9,23,1,1022.0,1239.0,0.8248588
9,23,2,1239.0,1239.0,1.0
9,24,0,936.0,1274.0,0.7346939
9,24,1,1274.0,1274.0,1.0
9,24,2,1239.0,1274.0,0.97252744
9,25,0,936.0,1308.0,0.7155963
9,25,1,1308.0,1308.0,1.0
9,25,2,1239.0,1308.0,0.9472477
9,26,0,936.0,1348.0,0.69436204
9,26,1,1348.0,1348.0,1.0
9,26,2,1239.0,1348.0,0.91913944
9,27,0,936.0,1388.0,0.6743516
9,27,1,1348.0,1388.0,0.9711816
9,27,2,1388.0,1388.0,1.0
9,28,0,936.0,1446.0,0.6473029
9,28,1,1348.0,1446.0,0.93222684
9,28,2,1446.0,1446.0,1.0
9,29,0,936.0,1501.0,0.6235843
9,29,1,1348.0,1501.0,0.89806795
9,29,2,1501.0,1501.0,1.0
9,30,0,1571.0,1571.0,1.0
9,30,1,1348.0,1571.0,0.8580522
9,30,2,1501.0,1571.0,0.95544237
9,31,0,1571.0,1621.0,0.96915483
9,31,1,1348.0,1621.0,0.83158547
9,31,2,1621.0,1621.0,1.0
9,32,0,1571.0,1667.0,0.94241154
9,32,1,1667.0,1667.0,1.0
9,32,2,1621.0,1667.0,0.9724055
9,33,0,1571.0,1726.0,0.91019696
9,33,1,1667.0,1726.0,0.9658169
9,33,2,1726.0,1726.0,1.0
9,34,0,1571.0,1783.0,0.8810993
9,34,1,1667.0,1783.0,0.9349411
9,34,2,1783.0,1783.0,1.0
9,35,0,1571.0,1811.0,0.8674765
9,35,1,1811.0,1811.0,1.0
9,35,2,1783.0,1811.0,0.9845389
9,36,0,1571.0,1855.0,0.8469003
9,36,1,1855.0,1855.0,1.0
9,36,2,1783.0,1855.0,0.961186
9,37,0,1571.0,1895.0,0.8290237
9,37,1,1855.0,1895.0,0.97889185
9,37,2,1895.0,1895.0,1.0
9,38,0,1571.0,1950.0,0.80564106
9,38,1,1855.0,1950.0,0.951282
9,38,2,1950.0,1950.0,1.0
9,39,0,1571.0,1994.0,0.7878636
9,39,1,1994.0,1994.0,1.0
9,39,2,1950.0,1994.0,0.9779338
9,40,0,1571.0,2029.0,0.77427304
9,40,1,1994.0,2029.0,0.9827501
9,40,2,2029.0,2029.0,1.0
9,41,0,1571.0,2075.0,0.75710845
9,41,1,2075.0,2075.0,1.0
9,41,2,2029.0,2075.0,0.9778313
9,42,0,2135.0,2135.0,1.0
9,42,1,2075.0,2135.0,0.97189695
9,42,2,2029.0,2135.0,0.9503513
9,43,0,2135.0,2174.0,0.98206073
9,43,1,2075.0,2174.0,0.9544618
9,43,2,2174.0,2174.0,1.0
9,44,0,2135.0,2210.0,0.9660633
9,44,1,2210.0,2210.0,1.0
9,44,2,2174.0,2210.0,0.9837104
9,45,0,2135.0,2281.0,0.93599296
9,45,1,2210.0,2281.0,0.9688733
9,45,2,2281.0,2281.0,1.0
9,46,0,2135.0,2311.0,0.9238425
9,46,1,2311.0,2311.0,1.0
9,46,2,2281.0,2311.0,0.9870186
9,47,0,2135.0,2351.0,0.9081242
9,47,1,2351.0,2351.0,1.0
9,47,2,2281.0,2351.0,0.97022545
9,48,0,2135.0,2382.0,0.8963056
9,48,1,2382.0,2382.0,1.0
9,48,2,2281.0,2382.0,0.9575987
9,49,0,2135.0,2448.0,0.8721405
9,49,1,2382.0,2448.0,0.9730392
9,49,2,2448.0,2448.0,1.0
9,50,0,2135.0,2487.0,0.858464
9,50,1,2487.0,2487.0,1.0
9,50,2,2448.0,2487.0,0.98431844
9,51,0,2135.0,2523.0,0.84621483
9,51,1,2487.0,2523.0,0.98573124
9,51,2,2523.0,2523.0,1.0
9,52,0,2135.0,2559.0,0.8343103
9,52,1,2487.0,2559.0,0.971864
9,52,2,2559.0,2559.0,1.0
9,53,0,2135.0,2603.0,0.8202075
9,53,1,2603.0,2603.0,1.0
9,53,2,2559.0,2603.0,0.9830964
9,54,0,2135.0,2636.0,0.8099393
9,54,1,2636.0,2636.0,1.0
9,54,2,2559.0,2636.0,0.9707891
9,55,0,2135.0,2681.0,0.79634464
9,55,1,2636.0,2681.0,0.9832152
9,55,2,2681.0,2681.0,1.0
9,56,0,2135.0,2748.0,0.77692866
9,56,1,2636.0,2748.0,0.95924306
9,56,2,2748.0,2748.0,1.0
9,57,0,2135.0,2809.0,0.760057
9,57,1,2636.0,2809.0,0.93841225
9,57,2,2809.0,2809.0,1.0
9,58,0,2135.0,2845.0,0.75043935
9,58,1,2845.0,2845.0,1.0
9,58,2,2809.0,2845.0,0.98734623
9,59,0,2135.0,2890.0,0.73875433
9,59,1,2890.0,2890.0,1.0
9,59,2,2809.0,2890.0,0.97197235
9,60,0,2135.0,2955.0,0.72250426
9,60,1,2890.0,2955.0,0.9780034
9,60,2,2955.0,2955.0,1.0
9,61,0,2135.0,3006.0,0.71024615
9,61,1,2890.0,3006.0,0.9614105
9,61,2,3006.0,3006.0,1.0
9,62,0,2135.0,3041.0,0.70207167
9,62,1,3041.0,3041.0,1.0
9,62,2,3006.0,3041.0,0.98849064
9,63,0,2135.0,3109.0,0.68671596
9,63,1,3041.0,3109.0,0.978128
9,63,2,3109.0,3109.0,1.0
9,64,0,2135.0,3161.0,0.67541915
9,64,1,3041.0,3161.0,0.9620373
9,64,2,3161.0,3161.0,1.0
9,65,0,2135.0,3206.0,0.66593885
9,65,1,3206.0,3206.0,1.0
9,65,2,3161.0,3206.0,0.9859638
10,1,0,39.0,39.0,1.0
10,1,1,0.0,39.0,0.0
10,1,2,0.0,39.0,0.0
10,2,0,116.0,116.0,1.0
10,2,1,0.0,116.0,0.0
10,2,2,0.0,116.0,0.0
10,3,0,116.0,129.0,0.8992248
10,3,1,129.0,129.0,1.0
10,3,2,0.0,129.0,0.0
10,4,0,189.0,189.0,1.0
10,4,1,129.0,189.0,0.6825397
10,4,2,0.0,189.0,0.0
10,5,0,189.0,219.0,0.8630137
10,5,1,129.0,219.0,0.5890411
10,5,2,219.0,219.0,1.0
10,6,0,189.0,254.0,0.7440945
10,6,1,254.0,254.0,1.0
10,6,2,219.0,254.0,0.86220473
10,7,0,315.0,315.0,1.0
10,7,1,254.0,315.0,0.8063492
10,7,2,219.0,315.0,0.6952381
10,8,0,315.0,349.0,0.9025788
10,8,1,349.0,349.0,1.0
10,8,2,219.0,349.0,0.62750715
10,9,0,390.0,390.0,1.0
10,9,1,349.0,390.0,0.8948718
10,9,2,219.0,390.0,0.56153846
10,10,0,445.0,445.0,1.0
10,10,1,349.0,445.0,0.7842697
10,10,2,219.0,445.0,0.49213484
10,11,0,445.0,495.0,0.8989899
10,11,1,349.0,495.0,0.7050505
10,11,2,495.0,495.0,1.0
10,12,0,445.0,541.0,0.82255083
10,12,1,541.0,541.0,1.0
10,12,2,495.0,541.0,0.91497225
10,13,0,445.0,587.0,0.758092
10,13,1,587.0,587.0,1.0
10,13,2,495.0,587.0,0.8432709
10,14,0,657.0,657.0,1.0
10,14,1,587.0,657.0,0.8934551
10,14,2,495.0,657.0,0.75342464
10,15,0,723.0,723.0,1.0
10,15,1,587.0,723.0,0.8118949
10,15,2,495.0,723.0,0.6846473
10,16,0,723.0,775.0,0.93290323
10,16,1,587.0,775.0,0.75741935
10,16,2,775.0,775.0,1.0
10,17,0,723.0,809.0,0.89369595
10,17,1,809.0,809.0,1.0
10,17,2,775.0,809.0,0.9579728
10,18,0,723.0,853.0,0.8475967
10,18,1,853.0,853.0,1.0
10,18,2,775.0,853.0,0.908558
10,19,0,723.0,889.0,0.8132734
10,19,1,889.0,889.0,1.0
10,19,2,775.0,889.0,0.87176603
10,20,0,723.0,928.0,0.7790948
10,20,1,928.0,928.0,1.0
10,20,2,775.0,928.0,0.8351293
10,21,0,723.0,964.0,0.75
10,21,1,964.0,964.0,1.0
10,21,2,775.0,964.0,0.8039419
10,22,0,723.0,1006.0,0.7186879
10,22,1,964.0,1006.0,0.9582505
10,22,2,1006.0,1006.0,1.0
10,23,0,723.0,1042.0,0.69385797
10,23,1,964.0,1042.0,0.92514396
10,23,2,1042.0,1042.0,1.0
10,24,0,723.0,1077.0,0.6713092
10,24,1,964.0,1077.0,0.8950789
10,24,2,1077.0,1077.0,1.0
10,25,0,723.0,1136.0,0.6364437
10,25,1,964.0,1136.0,0.84859157
10,25,2,1136.0,1136.0,1.0
10,26,0,723.0,1176.0,0.6147959
10,26,1,964.0,1176.0,0.8197279
10,26,2,1176.0,1176.0,1.0
10,27,0,723.0,1209.0,0.5980149
10,27,1,1209.0,1209.0,1.0
10,27,2,1176.0,1209.0,0.9727047
10,28,0,723.0,1279.0,0.5652854
10,28,1,1209.0,1279.0,0.94526976
10,28,2,1279.0,1279.0,1.0
10,29,0,723.0,1340.0,0.5395522
10,29,1,1209.0,1340.0,0.9022388
10,29,2,1340.0,1340.0,1.0
10,30,0,723.0,1413.0,0.51167727
10,30,1,1209.0,1413.0,0.85562634
10,30,2,1413.0,1413.0,1.0
10,31,0,723.0,1458.0,0.49588478
10,31,1,1209.0,1458.0,0.8292181
10,31,2,1458.0,1458.0,1.0
10,32,0,1528.0,1528.0,1.0
10,32,1,1209.0,1528.0,0.7912304
10,32,2,1458.0,1528.0,0.95418847
10,33,0,1528.0,1568.0,0.9744898
10,33,1,1568.0,1568.0,1.0
10,33,2,1458.0,1568.0,0.92984694
10,34,0,1528.0,1624.0,0.9408867
10,34,1,1568.0,1624.0,0.9655172
10,34,2,1624.0,1624.0,1.0
10,35,0,1528.0,1659.0,0.9210368
10,35,1,1568.0,1659.0,0.9451477
10,35,2,1659.0,1659.0,1.0
10,36,0,1528.0,1717.0,0.8899243
10,36,1,1568.0,1717.0,0.91322076
10,36,2,1717.0,1717.0,1.0
10,37,0,1528.0,1785.0,0.8560224
10,37,1,1568.0,1785.0,0.8784314
10,37,2,1785.0,1785.0,1.0
10,38,0,1528.0,1837.0,0.831791
10,38,1,1568.0,1837.0,0.8535656
10,38,2,1837.0,1837.0,1.0
10,39,0,1528.0,1908.0,0.8008386
10,39,1,1568.0,1908.0,0.8218029
10,39,2,1908.0,1908.0,1.0
10,40,0,1528.0,1938.0,0.7884417
10,40,1,1938.0,1938.0,1.0
10,40,2,1908.0,1938.0,0.98452014
10,41,0,1528.0,1984.0,0.7701613
10,41,1,1984.0,1984.0,1.0
10,41,2,1908.0,1984.0,0.9616935
10,42,0,1528.0,2017.0,0.75756073
10,42,1,2017.0,2017.0,1.0
10,42,2,1908.0,2017.0,0.9459593
10,43,0,1528.0,2062.0,0.74102813
10,43,1,2017.0,2062.0,0.97817653
10,43,2,2062.0,2062.0,1.0
10,44,0,1528.0,2102.0,0.72692674
10,44,1,2102.0,2102.0,1.0
10,44,2,2062.0,2102.0,0.9809705
10,45,0,1528.0,2152.0,0.7100372
10,45,1,2152.0,2152.0,1.0
10,45,2,2062.0,2152.0,0.95817846
10,46,0,1528.0,2226.0,0.6864331
10,46,1,2152.0,2226.0,0.9667565
10,46,2,2226.0,2226.0,1.0
10,47,0,1528.0,2265.0,0.6746137
10,47,1,2152.0,2265.0,0.9501104
10,47,2,2265.0,2265.0,1.0
10,48,0,1528.0,2331.0,0.65551263
10,48,1,2152.0,2331.0,0.92320895
10,48,2,2331.0,2331.0,1.0
10,49,0,1528.0,2396.0,0.6377295
10,49,1,2152.0,2396.0,0.8981636
10,49,2,2396.0,2396.0,1.0
10,50,0,1528.0,2434.0,0.6277732
10,50,1,2434.0,2434.0,1.0
10,50,2,2396.0,2434.0,0.9843878
10,51,0,1528.0,2469.0,0.618874
10,51,1,2469.0,2469.0,1.0
10,51,2,2396.0,2469.0,0.97043335
10,52,0,1528.0,2508.0,0.6092504
10,52,1,2508.0,2508.0,1.0
10,52,2,2396.0,2508.0,0.9553429
10,53,0,2578.0,2578.0,1.0
10,53,1,2508.0,2578.0,0.97284716
10,53,2,2396.0,2578.0,0.92940265
10,54,0,2578.0,2645.0,0.97466916
10,54,1,2508.0,2645.0,0.94820416
10,54,2,2645.0,2645.0,1.0
10,55,0,2578.0,2689.0,0.95872074
10,55,1,2689.0,2689.0,1.0
10,55,2,2645.0,2689.0,0.98363703
10,56,0,2578.0,2744.0,0.9395044
10,56,1,2689.0,2744.0,0.97995627
10,56,2,2744.0,2744.0,1.0
10,57,0,2578.0,2818.0,0.9148332
10,57,1,2689.0,2818.0,0.95422286
10,57,2,2818.0,2818.0,1.0
10,58,0,2578.0,2854.0,0.9032936
10,58,1,2689.0,2854.0,0.9421864
10,58,2,2854.0,2854.0,1.0
10,59,0,2578.0,2909.0,0.8862152
10,59,1,2689.0,2909.0,0.9243726
10,59,2,2909.0,2909.0,1.0
10,60,0,2578.0,2940.0,0.87687075
10,60,1,2940.0,2940.0,1.0
10,60,2,2909.0,2940.0,0.98945576
10,61,0,2578.0,2976.0,0.86626345
10,61,1,2976.0,2976.0,1.0
10,61,2,2909.0,2976.0,0.97748655
10,62,0,2578.0,3012.0,0.8559097
10,62,1,3012.0,3012.0,1.0
10,62,2,2909.0,3012.0,0.96580344
10,63,0,2578.0,3057.0,0.8433104
10,63,1,3057.0,3057.0,1.0
10,63,2,2909.0,3057.0,0.95158654
10,64,0,2578.0,3106.0,0.8300064
10,64,1,3106.0,3106.0,1.0
10,64,2,2909.0,3106.0,0.9365744
10,65,0,2578.0,3176.0,0.81171286
10,65,1,3106.0,3176.0,0.9779597
10,65,2,3176.0,3176.0,1.0
