algorithm,makespan,total_actions,completed_jobs,met_deadlines,deadline_ratio,total_tardiness,avg_tardiness,total_earliness,avg_earliness,deadline_violations,timeliness_score,high_priority_ratio,priority_weighted_avg_completion,machine_utilization,machine_balance,efficiency_ratio,avg_flowtime,run
PPO_Agent,6912.0,123,20,0,0.0,81891.0,4094.55,0.0,0.0,20,0.0,0.0,6912.0,0.9813850308641975,0.98150177491072,0.49537037037037035,6912.0,1
PPO_Agent,6803.0,123,20,0,0.0,79711.0,3985.55,0.0,0.0,20,0.0,0.0,6803.0,0.9774609241021118,0.9756399417520472,0.5033073643980597,6803.0,2
PPO_Agent,6873.0,123,20,0,0.0,81111.0,4055.55,0.0,0.0,20,0.0,0.0,6873.0,0.9763810078083321,0.980670108602849,0.4981812891022843,6873.0,3
PPO_Agent,6806.0,123,20,0,0.0,79771.0,3988.55,0.0,0.0,20,0.0,0.0,6806.0,0.9824174747771575,0.9819221693153477,0.5030855127828386,6806.0,4
PPO_Agent,6909.0,123,20,0,0.0,81831.0,4091.55,0.0,0.0,20,0.0,0.0,6909.0,0.972933854392821,0.9687481841766823,0.4955854682298451,6909.0,5
PPO_Agent,6748.0,123,20,0,0.0,78611.0,3930.55,0.0,0.0,20,0.0,0.0,6748.0,0.9803892511361391,0.9838498124245211,0.5074096028452875,6748.0,6
PPO_Agent,6896.0,123,20,0,0.0,81571.0,4078.55,0.0,0.0,20,0.0,0.0,6896.0,0.9884474091260634,0.9899310044700915,0.4965197215777262,6896.0,7
PPO_Agent,6813.0,123,20,0,0.0,79911.0,3995.55,0.0,0.0,20,0.0,0.0,6813.0,0.9805763491364549,0.9792145565742675,0.5025686188169676,6813.0,8
PPO_Agent,6851.0,123,20,0,0.0,80671.0,4033.55,0.0,0.0,20,0.0,0.0,6851.0,0.9447282635138423,0.9383149268561981,0.4997810538607503,6851.0,9
PPO_Agent,6811.0,123,20,0,0.0,79871.0,3993.55,0.0,0.0,20,0.0,0.0,6811.0,0.9624626829148926,0.9540050514372895,0.5027161943914257,6811.0,10
FIFO,6705.0,123,20,0,0.0,77751.0,3887.55,0.0,0.0,20,0.0,0.0,6705.0,0.9850857568978374,0.9890446021307147,0.5106636838180463,6705.0,1
FIFO,6705.0,123,20,0,0.0,77751.0,3887.55,0.0,0.0,20,0.0,0.0,6705.0,0.9850857568978374,0.9890446021307147,0.5106636838180463,6705.0,2
FIFO,6705.0,123,20,0,0.0,77751.0,3887.55,0.0,0.0,20,0.0,0.0,6705.0,0.9850857568978374,0.9890446021307147,0.5106636838180463,6705.0,3
FIFO,6705.0,123,20,0,0.0,77751.0,3887.55,0.0,0.0,20,0.0,0.0,6705.0,0.9850857568978374,0.9890446021307147,0.5106636838180463,6705.0,4
FIFO,6705.0,123,20,0,0.0,77751.0,3887.55,0.0,0.0,20,0.0,0.0,6705.0,0.9850857568978^374,0.9890446021307147,0.5106636838180463,6705.0,5
FIFO,6705.0,123,20,0,0.0,77751.0,3887.55,0.0,0.0,20,0.0,0.0,6705.0,0.9850857568978374,0.9890446021307147,0.5106636838180463,6705.0,6
FIFO,6705.0,123,20,0,0.0,77751.0,3887.55,0.0,0.0,20,0.0,0.0,6705.0,0.9850857568978374,0.9890446021307147,0.5106636838180463,6705.0,7
FIFO,6705.0,123,20,0,0.0,77751.0,3887.55,0.0,0.0,20,0.0,0.0,6705.0,0.9850857568978374,0.9890446021307147,0.5106636838180463,6705.0,8
FIFO,6705.0,123,20,0,0.0,77751.0,3887.55,0.0,0.0,20,0.0,0.0,6705.0,0.9850857568978374,0.9890446021307147,0.5106636838180463,6705.0,9
FIFO,6705.0,123,20,0,0.0,77751.0,3887.55,0.0,0.0,20,0.0,0.0,6705.0,0.9850857568978374,0.9890446021307147,0.5106636838180463,6705.0,10
LIFO,6704.0,123,20,0,0.0,77731.0,3886.55,0.0,0.0,20,0.0,0.0,6704.0,0.9896081941129674,0.9919058205665534,0.5107398568019093,6704.0,1
LIFO,6704.0,123,20,0,0.0,77731.0,3886.55,0.0,0.0,20,0.0,0.0,6704.0,0.9896081941129674,0.9919058205665534,0.5107398568019093,6704.0,2
LIFO,6704.0,123,20,0,0.0,77731.0,3886.55,0.0,0.0,20,0.0,0.0,6704.0,0.9896081941129674,0.9919058205665534,0.5107398568019093,6704.0,3
LIFO,6704.0,123,20,0,0.0,77731.0,3886.55,0.0,0.0,20,0.0,0.0,6704.0,0.9896081941129674,0.9919058205665534,0.5107398568019093,6704.0,4
LIFO,6704.0,123,20,0,0.0,77731.0,3886.55,0.0,0.0,20,0.0,0.0,6704.0,0.9896081941129674,0.9919058205665534,0.5107398568019093,6704.0,5
LIFO,6704.0,123,20,0,0.0,77731.0,3886.55,0.0,0.0,20,0.0,0.0,6704.0,0.9896081941129674,0.9919058205665534,0.5107398568019093,6704.0,6
LIFO,6704.0,123,20,0,0.0,77731.0,3886.55,0.0,0.0,20,0.0,0.0,6704.0,0.9896081941129674,0.9919058205665534,0.5107398568019093,6704.0,7
LIFO,6704.0,123,20,0,0.0,77731.0,3886.55,0.0,0.0,20,0.0,0.0,6704.0,0.9896081941129674,0.9919058205665534,0.5107398568019093,6704.0,8
LIFO,6704.0,123,20,0,0.0,77731.0,3886.55,0.0,0.0,20,0.0,0.0,6704.0,0.9896081941129674,0.9919058205665534,0.5107398568019093,6704.0,9
LIFO,6704.0,123,20,0,0.0,77731.0,3886.55,0.0,0.0,20,0.0,0.0,6704.0,0.9896081941129674,0.9919058205665534,0.5107398568019093,6704.0,10
SPT,6773.0,123,20,0,0.0,79111.0,3955.55,0.0,0.0,20,0.0,0.0,6773.0,0.9661892809685516,0.9640582880135556,0.5055366897977263,6773.0,1
SPT,6773.0,123,20,0,0.0,79111.0,3955.55,0.0,0.0,20,0.0,0.0,6773.0,0.9661892809685516,0.9640582880135556,0.5055366897977263,6773.0,2
SPT,6773.0,123,20,0,0.0,79111.0,3955.55,0.0,0.0,20,0.0,0.0,6773.0,0.9661892809685516,0.9640582880135556,0.5055366897977263,6773.0,3
SPT,6773.0,123,20,0,0.0,79111.0,3955.55,0.0,0.0,20,0.0,0.0,6773.0,0.9661892809685516,0.9640582880135556,0.5055366897977263,6773.0,4
SPT,6773.0,123,20,0,0.0,79111.0,3955.55,0.0,0.0,20,0.0,0.0,6773.0,0.9661892809685516,0.9640582880135556,0.5055366897977263,6773.0,5
SPT,6773.0,123,20,0,0.0,79111.0,3955.55,0.0,0.0,20,0.0,0.0,6773.0,0.9661892809685516,0.9640582880135556,0.5055366897977263,6773.0,6
SPT,6773.0,123,20,0,0.0,79111.0,3955.55,0.0,0.0,20,0.0,0.0,6773.0,0.9661892809685516,0.9640582880135556,0.5055366897977263,6773.0,7
SPT,6773.0,123,20,0,0.0,79111.0,3955.55,0.0,0.0,20,0.0,0.0,6773.0,0.9661892809685516,0.9640582880135556,0.5055366897977263,6773.0,8
SPT,6773.0,123,20,0,0.0,79111.0,3955.55,0.0,0.0,20,0.0,0.0,6773.0,0.9661892809685516,0.9640582880135556,0.5055366897977263,6773.0,9
SPT,6773.0,123,20,0,0.0,79111.0,3955.55,0.0,0.0,20,0.0,0.0,6773.0,0.9661892809685516,0.9640582880135556,0.5055366897977263,6773.0,10
LPT,6677.0,123,20,0,0.0,77191.0,3859.55,0.0,0.0,20,0.0,0.0,6677.0,0.9860216664170536,0.9888293828404259,0.5128051520143777,6677.0,1
LPT,6677.0,123,20,0,0.0,77191.0,3859.55,0.0,0.0,20,0.0,0.0,6677.0,0.9860216664170536,0.9888293828404259,0.5128051520143777,6677.0,2
LPT,6677.0,123,20,0,0.0,77191.0,3859.55,0.0,0.0,20,0.0,0.0,6677.0,0.9860216664170536,0.9888293828404259,0.5128051520143777,6677.0,3
LPT,6677.0,123,20,0,0.0,77191.0,3859.55,0.0,0.0,20,0.0,0.0,6677.0,0.9860216664170536,0.9888293828404259,0.5128051520143777,6677.0,4
LPT,6677.0,123,20,0,0.0,77191.0,3859.55,0.0,0.0,20,0.0,0.0,6677.0,0.9860216664170536,0.9888293828404259,0.5128051520143777,6677.0,5
LPT,6677.0,123,20,0,0.0,77191.0,3859.55,0.0,0.0,20,0.0,0.0,6677.0,0.9860216664170536,0.9888293828404259,0.5128051520143777,6677.0,6
LPT,6677.0,123,20,0,0.0,77191.0,3859.55,0.0,0.0,20,0.0,0.0,6677.0,0.9860216664170536,0.9888293828404259,0.5128051520143777,6677.0,7
LPT,6677.0,123,20,0,0.0,77191.0,3859.55,0.0,0.0,20,0.0,0.0,6677.0,0.9860216664170536,0.9888293828404259,0.5128051520143777,6677.0,8
LPT,6677.0,123,20,0,0.0,77191.0,3859.55,0.0,0.0,20,0.0,0.0,6677.0,0.9860216664170536,0.9888293828404259,0.5128051520143777,6677.0,9
LPT,6677.0,123,20,0,0.0,77191.0,3859.55,0.0,0.0,20,0.0,0.0,6677.0,0.9860216664170536,0.9888293828404259,0.5128051520143777,6677.0,10
HPF,6668.0,123,20,0,0.0,77011.0,3850.55,0.0,0.0,20,0.0,0.0,6668.0,0.9834033193361328,0.9855083630926652,0.5134973005398921,6668.0,1
HPF,6668.0,123,20,0,0.0,77011.0,3850.55,0.0,0.0,20,0.0,0.0,6668.0,0.9834033193361328,0.9855083630926652,0.5134973005398921,6668.0,2
HPF,6668.0,123,20,0,0.0,77011.0,3850.55,0.0,0.0,20,0.0,0.0,6668.0,0.9834033193361328,0.9855083630926652,0.5134973005398921,6668.0,3
HPF,6668.0,123,20,0,0.0,77011.0,3850.55,0.0,0.0,20,0.0,0.0,6668.0,0.9834033193361328,0.9855083630926652,0.5134973005398921,6668.0,4
HPF,6668.0,123,20,0,0.0,77011.0,3850.55,0.0,0.0,20,0.0,0.0,6668.0,0.9834033193361328,0.9855083630926652,0.5134973005398921,6668.0,5
HPF,6668.0,123,20,0,0.0,77011.0,3850.55,0.0,0.0,20,0.0,0.0,6668.0,0.9834033193361328,0.9855083630926652,0.5134973005398921,6668.0,6
HPF,6668.0,123,20,0,0.0,77011.0,3850.55,0.0,0.0,20,0.0,0.0,6668.0,0.9834033193361328,0.9855083630926652,0.5134973005398921,6668.0,7
HPF,6668.0,123,20,0,0.0,77011.0,3850.55,0.0,0.0,20,0.0,0.0,6668.0,0.9834033193361328,0.9855083630926652,0.5134973005398921,6668.0,8
HPF,6668.0,123,20,0,0.0,77011.0,3850.55,0.0,0.0,20,0.0,0.0,6668.0,0.9834033193361328,0.9855083630926652,0.5134973005398921,6668.0,9
HPF,6668.0,123,20,0,0.0,77011.0,3850.55,0.0,0.0,20,0.0,0.0,6668.0,0.9834033193361328,0.9855083630926652,0.5134973005398921,6668.0,10
EDF,6639.0,123,20,0,0.0,76431.0,3821.55,0.0,0.0,20,0.0,0.0,6639.0,0.9873474920921825,0.9882342498612954,0.5157403223377015,6639.0,1
EDF,6639.0,123,20,0,0.0,76431.0,3821.55,0.0,0.0,20,0.0,0.0,6639.0,0.9873474920921825,0.9882342498612954,0.5157403223377015,6639.0,2
EDF,6639.0,123,20,0,0.0,76431.0,3821.55,0.0,0.0,20,0.0,0.0,6639.0,0.9873474920921825,0.9882342498612954,0.5157403223377015,6639.0,3
EDF,6639.0,123,20,0,0.0,76431.0,3821.55,0.0,0.0,20,0.0,0.0,6639.0,0.9873474920921825,0.9882342498612954,0.5157403223377015,6639.0,4
EDF,6639.0,123,20,0,0.0,76431.0,3821.55,0.0,0.0,20,0.0,0.0,6639.0,0.9873474920921825,0.9882342498612954,0.5157403223377015,6639.0,5
EDF,6639.0,123,20,0,0.0,76431.0,3821.55,0.0,0.0,20,0.0,0.0,6639.0,0.9873474920921825,0.9882342498612954,0.5157403223377015,6639.0,6
EDF,6639.0,123,20,0,0.0,76431.0,3821.55,0.0,0.0,20,0.0,0.0,6639.0,0.9873474920921825,0.9882342498612954,0.5157403223377015,6639.0,7
EDF,6639.0,123,20,0,0.0,76431.0,3821.55,0.0,0.0,20,0.0,0.0,6639.0,0.9873474920921825,0.9882342498612954,0.5157403223377015,6639.0,8
EDF,6639.0,123,20,0,0.0,76431.0,3821.55,0.0,0.0,20,0.0,0.0,6639.0,0.9873474920921825,0.9882342498612954,0.5157403223377015,6639.0,9
EDF,6639.0,123,20,0,0.0,76431.0,3821.55,0.0,0.0,20,0.0,0.0,6639.0,0.9873474920921825,0.9882342498612954,0.5157403223377015,6639.0,10
CR,6815.0,123,20,0,0.0,79951.0,3997.55,0.0,0.0,20,0.0,0.0,6815.0,0.9801907556859868,0.9832734709369393,0.5024211298606016,6815.0,1
CR,6815.0,123,20,0,0.0,79951.0,3997.55,0.0,0.0,20,0.0,0.0,6815.0,0.9801907556859868,0.9832734709369393,0.5024211298606016,6815.0,2
CR,6815.0,123,20,0,0.0,79951.0,3997.55,0.0,0.0,20,0.0,0.0,6815.0,0.9801907556859868,0.9832734709369393,0.5024211298606016,6815.0,3
CR,6815.0,123,20,0,0.0,79951.0,3997.55,0.0,0.0,20,0.0,0.0,6815.0,0.9801907556859868,0.9832734709369393,0.5024211298606016,6815.0,4
CR,6815.0,123,20,0,0.0,79951.0,3997.55,0.0,0.0,20,0.0,0.0,6815.0,0.9801907556859868,0.9832734709369393,0.5024211298606016,6815.0,5
CR,6815.0,123,20,0,0.0,79951.0,3997.55,0.0,0.0,20,0.0,0.0,6815.0,0.9801907556859868,0.9832734709369393,0.5024211298606016,6815.0,6
CR,6815.0,123,20,0,0.0,79951.0,3997.55,0.0,0.0,20,0.0,0.0,6815.0,0.9801907556859868,0.9832734709369393,0.5024211298606016,6815.0,7
CR,6815.0,123,20,0,0.0,79951.0,3997.55,0.0,0.0,20,0.0,0.0,6815.0,0.9801907556859868,0.9832734709369393,0.5024211298606016,6815.0,8
CR,6815.0,123,20,0,0.0,79951.0,3997.55,0.0,0.0,20,0.0,0.0,6815.0,0.9801907556859868,0.9832734709369393,0.5024211298606016,6815.0,9
CR,6815.0,123,20,0,0.0,79951.0,3997.55,0.0,0.0,20,0.0,0.0,6815.0,0.9801907556859868,0.9832734709369393,0.5024211298606016,6815.0,10
Random,6860.0,123,20,0,0.0,80851.0,4042.55,0.0,0.0,20,0.0,0.0,6860.0,0.9818756073858115,0.9853064492704794,0.49912536443148686,6860.0,1
Random,6708.0,123,20,0,0.0,77811.0,3890.55,0.0,0.0,20,0.0,0.0,6708.0,0.9923971377459749,0.9922824727731513,0.5104353011329755,6708.0,2
Random,6806.0,123,20,0,0.0,79771.0,3988.55,0.0,0.0,20,0.0,0.0,6806.0,0.9696836124987755,0.9648087811713223,0.5030855127828386,6806.0,3
Random,6798.0,123,20,0,0.0,79611.0,3980.55,0.0,0.0,20,0.0,0.0,6798.0,0.9796999117387467,0.9811014613824885,0.5036775522212416,6798.0,4
Random,6828.0,123,20,0,0.0,80211.0,4010.55,0.0,0.0,20,0.0,0.0,6828.0,0.9796426479203281,0.9740070486649614,0.5014645577035736,6828.0,5
Random,6885.0,123,20,0,0.0,81351.0,4067.55,0.0,0.0,20,0.0,0.0,6885.0,0.9817477608327282,0.980503576422602,0.4973129992737836,6885.0,6
Random,6840.0,123,20,0,0.0,80451.0,4022.55,0.0,0.0,20,0.0,0.0,6840.0,0.9844054580896686,0.9856267192864941,0.5005847953216375,6840.0,7
Random,6844.0,123,20,0,0.0,80531.0,4026.55,0.0,0.0,20,0.0,0.0,6844.0,0.9708260276641341,0.9683144051259155,0.5002922267679719,6844.0,8
Random,6904.0,123,20,0,0.0,81731.0,4086.55,0.0,0.0,20,0.0,0.0,6904.0,0.9907300115874855,0.9902573488982626,0.4959443800695249,6904.0,9
Random,6861.0,123,20,0,0.0,80871.0,4043.55,0.0,0.0,20,0.0,0.0,6861.0,0.9828985084778701,0.9827834675769914,0.49905261623670016,6861.0,10
