step,selected_job_id,selected_job_priority,selected_job_deadline,operation_id,machine_id,processing_time,material,action_probability,reward,current_time,makespan,total_available_jobs,highest_priority_available,priority_rank_selected,is_highest_priority_selected,setup_time,job_completed,available_jobs
1,J18,8,2880,OP1,M2,20,Racebike_Bremsaufnahme_gebohrt,0.1133999153971672,8.967048645019531,0.0,0,20,10,10,False,0,False,J6(P10); J4(P9); J5(P9); J20(P9); J1(P8); J7(P8); J12(P8); J16(P8); J17(P8); J18(P8); J3(P7); J10(P7); J13(P7); J9(P6); J11(P6); J8(P5); J14(P3); J15(P3); J19(P3); J2(P2)
2,J11,6,2880,OP1,M1,36,Mountainbike_Tretlageraufnahme_geschweisst,0.04334212839603424,7.748760223388672,20.0,20,20,10,15,False,0,False,J6(P10); J4(P9); J5(P9); J20(P9); J1(P8); J7(P8); J12(P8); J16(P8); J17(P8); J18(P8); J3(P7); J10(P7); J13(P7); J9(P6); J11(P6); J8(P5); J14(P3); J15(P3); J19(P3); J2(P2)
3,J9,6,2880,OP1,M2,16,Citybike_Tretlager_gefraest,0.053974270820617676,0.9117801189422607,56.0,56,20,10,14,False,25,False,J6(P10); J4(P9); J5(P9); J20(P9); J1(P8); J7(P8); J12(P8); J16(P8); J17(P8); J18(P8); J3(P7); J10(P7); J13(P7); J9(P6); J11(P6); J8(P5); J14(P3); J15(P3); J19(P3); J2(P2)
4,J18,8,2880,OP2,M3,43,Racebike_Rahmen_nachbearbeitet,0.1133384183049202,7.852537155151367,97.0,97,20,10,10,False,0,False,J6(P10); J4(P9); J5(P9); J20(P9); J1(P8); J7(P8); J12(P8); J16(P8); J17(P8); J18(P8); J3(P7); J10(P7); J13(P7); J9(P6); J11(P6); J8(P5); J14(P3); J15(P3); J19(P3); J2(P2)
5,J6,10,2806,OP1,M2,29,Racebike_Hinterbau_vorbereitet,0.034435685724020004,3.550163984298706,140.0,140,20,10,1,True,15,False,J6(P10); J4(P9); J5(P9); J20(P9); J1(P8); J7(P8); J12(P8); J16(P8); J17(P8); J18(P8); J3(P7); J10(P7); J13(P7); J9(P6); J11(P6); J8(P5); J14(P3); J15(P3); J19(P3); J2(P2)
6,J8,5,2857,OP1,M3,42,Mountainbike_Bremsen_justiert,0.0744226723909378,2.6846017837524414,184.0,184,20,10,16,False,13,False,J6(P10); J4(P9); J5(P9); J20(P9); J1(P8); J7(P8); J12(P8); J16(P8); J17(P8); J18(P8); J3(P7); J10(P7); J13(P7); J9(P6); J11(P6); J8(P5); J14(P3); J15(P3); J19(P3); J2(P2)
7,J12,8,2880,OP1,M2,11,Mountainbike_Rahmen_komplettiert,0.05655401945114136,0.07607245445251465,239.0,239,20,10,7,False,25,False,J6(P10); J4(P9); J5(P9); J20(P9); J1(P8); J7(P8); J12(P8); J16(P8); J17(P8); J18(P8); J3(P7); J10(P7); J13(P7); J9(P6); J11(P6); J8(P5); J14(P3); J15(P3); J19(P3); J2(P2)
8,J3,7,2785,OP1,M1,36,Racebike_Hauptrahmen_zugeschnitten,0.04017847403883934,-2.0634779930114746,275.0,275,20,10,11,False,35,False,J6(P10); J4(P9); J5(P9); J20(P9); J1(P8); J7(P8); J12(P8); J16(P8); J17(P8); J18(P8); J3(P7); J10(P7); J13(P7); J9(P6); J11(P6); J8(P5); J14(P3); J15(P3); J19(P3); J2(P2)
9,J18,8,2880,OP3,M1,42,Racebike_Antrieb_installiert,0.11337888985872269,-4.95490837097168,346.0,346,20,10,10,False,40,False,J6(P10); J4(P9); J5(P9); J20(P9); J1(P8); J7(P8); J12(P8); J16(P8); J17(P8); J18(P8); J3(P7); J10(P7); J13(P7); J9(P6); J11(P6); J8(P5); J14(P3); J15(P3); J19(P3); J2(P2)
10,J12,8,2880,OP2,M1,33,Mountainbike_Rahmen_nachbearbeitet,0.05656679347157478,-6.2112650871276855,428.0,428,20,10,7,False,38,False,J6(P10); J4(P9); J5(P9); J20(P9); J1(P8); J7(P8); J12(P8); J16(P8); J17(P8); J18(P8); J3(P7); J10(P7); J13(P7); J9(P6); J11(P6); J8(P5); J14(P3); J15(P3); J19(P3); J2(P2)
11,J6,10,2806,OP2,M1,43,Racebike_Fahrrad_endmontiert,0.034442175179719925,-7.427900314331055,499.0,499,20,10,1,True,35,False,J6(P10); J4(P9); J5(P9); J20(P9); J1(P8); J7(P8); J12(P8); J16(P8); J17(P8); J18(P8); J3(P7); J10(P7); J13(P7); J9(P6); J11(P6); J8(P5); J14(P3); J15(P3); J19(P3); J2(P2)
12,J8,5,2857,OP2,M3,60,Mountainbike_Hinterbau_vorbereitet,0.07443393766880035,-0.5088996887207031,577.0,577,20,10,16,False,15,False,J6(P10); J4(P9); J5(P9); J20(P9); J1(P8); J7(P8); J12(P8); J16(P8); J17(P8); J18(P8); J3(P7); J10(P7); J13(P7); J9(P6); J11(P6); J8(P5); J14(P3); J15(P3); J19(P3); J2(P2)
13,J14,3,2880,OP1,M2,24,Citybike_Hinterbau_vorbereitet,0.03194263577461243,3.4591479301452637,652.0,652,20,10,17,False,15,False,J6(P10); J4(P9); J5(P9); J20(P9); J1(P8); J7(P8); J12(P8); J16(P8); J17(P8); J18(P8); J3(P7); J10(P7); J13(P7); J9(P6); J11(P6); J8(P5); J14(P3); J15(P3); J19(P3); J2(P2)
14,J6,10,2806,OP3,M1,20,Racebike_Rahmen_lackiert,0.03443816304206848,-2.4606521129608154,691.0,691,20,10,1,True,40,False,J6(P10); J4(P9); J5(P9); J20(P9); J1(P8); J7(P8); J12(P8); J16(P8); J17(P8); J18(P8); J3(P7); J10(P7); J13(P7); J9(P6); J11(P6); J8(P5); J14(P3); J15(P3); J19(P3); J2(P2)
15,J1,8,2880,OP1,M3,52,Racebike_Antrieb_installiert,0.034570541232824326,3.0270984172821045,751.0,751,20,10,5,False,16,False,J6(P10); J4(P9); J5(P9); J20(P9); J1(P8); J7(P8); J12(P8); J16(P8); J17(P8); J18(P8); J3(P7); J10(P7); J13(P7); J9(P6); J11(P6); J8(P5); J14(P3); J15(P3); J19(P3); J2(P2)
16,J13,7,2880,OP1,M1,16,Citybike_Hinterbau_vorbereitet,0.035788875073194504,-4.80781364440918,819.0,819,20,10,13,False,43,False,J6(P10); J4(P9); J5(P9); J20(P9); J1(P8); J7(P8); J12(P8); J16(P8); J17(P8); J18(P8); J3(P7); J10(P7); J13(P7); J9(P6); J11(P6); J8(P5); J14(P3); J15(P3); J19(P3); J2(P2)
17,J16,8,2239,OP1,M1,17,Mountainbike_Schaltauge_bearbeitet,0.11090090125799179,-4.869624137878418,878.0,878,20,10,8,False,40,False,J6(P10); J4(P9); J5(P9); J20(P9); J1(P8); J7(P8); J12(P8); J16(P8); J17(P8); J18(P8); J3(P7); J10(P7); J13(P7); J9(P6); J11(P6); J8(P5); J14(P3); J15(P3); J19(P3); J2(P2)
18,J6,10,2806,OP4,M1,16,Racebike_Rahmen_komplettiert,0.03443887084722519,-4.976130962371826,935.0,935,20,10,1,True,35,False,J6(P10); J4(P9); J5(P9); J20(P9); J1(P8); J7(P8); J12(P8); J16(P8); J17(P8); J18(P8); J3(P7); J10(P7); J13(P7); J9(P6); J11(P6); J8(P5); J14(P3); J15(P3); J19(P3); J2(P2)
19,J19,3,2832,OP1,M2,17,Mountainbike_Tretlager_gefraest,0.03991091623902321,1.0927488803863525,986.0,986,20,10,19,False,20,False,J6(P10); J4(P9); J5(P9); J20(P9); J1(P8); J7(P8); J12(P8); J16(P8); J17(P8); J18(P8); J3(P7); J10(P7); J13(P7); J9(P6); J11(P6); J8(P5); J14(P3); J15(P3); J19(P3); J2(P2)
20,J7,8,2880,OP1,M3,24,E-Bike_Rahmen_komplettiert,0.04198114573955536,1.5842037200927734,1023.0,1023,20,10,6,False,25,False,J6(P10); J4(P9); J5(P9); J20(P9); J1(P8); J7(P8); J12(P8); J16(P8); J17(P8); J18(P8); J3(P7); J10(P7); J13(P7); J9(P6); J11(P6); J8(P5); J14(P3); J15(P3); J19(P3); J2(P2)
21,J12,8,2880,OP3,M3,53,Mountainbike_Tretlageraufnahme_geschweisst,0.05656591057777405,-0.2642695903778076,1072.0,1072,20,10,7,False,24,False,J6(P10); J4(P9); J5(P9); J20(P9); J1(P8); J7(P8); J12(P8); J16(P8); J17(P8); J18(P8); J3(P7); J10(P7); J13(P7); J9(P6); J11(P6); J8(P5); J14(P3); J15(P3); J19(P3); J2(P2)
22,J9,6,2880,OP2,M2,28,Citybike_Bremsen_justiert,0.05397368595004082,2.1324169635772705,1149.0,1149,20,10,14,False,15,False,J6(P10); J4(P9); J5(P9); J20(P9); J1(P8); J7(P8); J12(P8); J16(P8); J17(P8); J18(P8); J3(P7); J10(P7); J13(P7); J9(P6); J11(P6); J8(P5); J14(P3); J15(P3); J19(P3); J2(P2)
23,J13,7,2880,OP2,M2,23,Citybike_Bremsen_justiert,0.03578630089759827,1.1837773323059082,1192.0,1192,20,10,13,False,15,False,J6(P10); J4(P9); J5(P9); J20(P9); J1(P8); J7(P8); J12(P8); J16(P8); J17(P8); J18(P8); J3(P7); J10(P7); J13(P7); J9(P6); J11(P6); J8(P5); J14(P3); J15(P3); J19(P3); J2(P2)
24,J10,7,2880,OP1,M3,21,E-Bike_Tretlageraufnahme_geschweisst,0.05922989174723625,-1.2456879615783691,1230.0,1230,20,10,12,False,24,False,J6(P10); J4(P9); J5(P9); J20(P9); J1(P8); J7(P8); J12(P8); J16(P8); J17(P8); J18(P8); J3(P7); J10(P7); J13(P7); J9(P6); J11(P6); J8(P5); J14(P3); J15(P3); J19(P3); J2(P2)
25,J19,3,2832,OP2,M2,28,Mountainbike_Steuerrohr_montiert,0.039908599108457565,-0.9280719757080078,1275.0,1275,20,10,19,False,20,False,J6(P10); J4(P9); J5(P9); J20(P9); J1(P8); J7(P8); J12(P8); J16(P8); J17(P8); J18(P8); J3(P7); J10(P7); J13(P7); J9(P6); J11(P6); J8(P5); J14(P3); J15(P3); J19(P3); J2(P2)
26,J7,8,2880,OP2,M1,22,E-Bike_Steuerrohr_ausgerieben,0.041974689811468124,-4.871494293212891,1323.0,1323,20,10,6,False,47,False,J6(P10); J4(P9); J5(P9); J20(P9); J1(P8); J7(P8); J12(P8); J16(P8); J17(P8); J18(P8); J3(P7); J10(P7); J13(P7); J9(P6); J11(P6); J8(P5); J14(P3); J15(P3); J19(P3); J2(P2)
27,J1,8,2880,OP2,M2,27,Racebike_Rahmen_nachbearbeitet,0.03457513824105263,0.4983065128326416,1392.0,1392,20,10,5,False,24,False,J6(P10); J4(P9); J5(P9); J20(P9); J1(P8); J7(P8); J12(P8); J16(P8); J17(P8); J18(P8); J3(P7); J10(P7); J13(P7); J9(P6); J11(P6); J8(P5); J14(P3); J15(P3); J19(P3); J2(P2)
28,J5,9,2828,OP1,M2,17,E-Bike_Schaltauge_bearbeitet,0.027303798124194145,-1.6427547931671143,1443.0,1443,20,10,3,False,28,False,J6(P10); J4(P9); J5(P9); J20(P9); J1(P8); J7(P8); J12(P8); J16(P8); J17(P8); J18(P8); J3(P7); J10(P7); J13(P7); J9(P6); J11(P6); J8(P5); J14(P3); J15(P3); J19(P3); J2(P2)
29,J2,2,2730,OP1,M1,34,Mountainbike_Rahmen_lackiert,0.04625697433948517,-9.683347702026367,1488.0,1488,20,10,20,False,53,False,J6(P10); J4(P9); J5(P9); J20(P9); J1(P8); J7(P8); J12(P8); J16(P8); J17(P8); J18(P8); J3(P7); J10(P7); J13(P7); J9(P6); J11(P6); J8(P5); J14(P3); J15(P3); J19(P3); J2(P2)
30,J18,8,2880,OP4,M2,15,Racebike_Tretlageraufnahme_geschweisst,0.1133713349699974,-2.24782133102417,1575.0,1575,20,10,10,False,26,False,J6(P10); J4(P9); J5(P9); J20(P9); J1(P8); J7(P8); J12(P8); J16(P8); J17(P8); J18(P8); J3(P7); J10(P7); J13(P7); J9(P6); J11(P6); J8(P5); J14(P3); J15(P3); J19(P3); J2(P2)
31,J19,3,2832,OP3,M3,29,Mountainbike_Tretlageraufnahme_geschweisst,0.0399019792675972,0.5399495363235474,1616.0,1616,20,10,19,False,24,False,J6(P10); J4(P9); J5(P9); J20(P9); J1(P8); J7(P8); J12(P8); J16(P8); J17(P8); J18(P8); J3(P7); J10(P7); J13(P7); J9(P6); J11(P6); J8(P5); J14(P3); J15(P3); J19(P3); J2(P2)
32,J4,9,2795,OP1,M2,11,Racebike_Fahrrad_endmontiert,0.043235618621110916,1.9823944568634033,1669.0,1669,20,10,2,False,20,False,J6(P10); J4(P9); J5(P9); J20(P9); J1(P8); J7(P8); J12(P8); J16(P8); J17(P8); J18(P8); J3(P7); J10(P7); J13(P7); J9(P6); J11(P6); J8(P5); J14(P3); J15(P3); J19(P3); J2(P2)
33,J13,7,2880,OP3,M2,23,Citybike_Antrieb_installiert,0.03578609973192215,-1.1828436851501465,1700.0,1700,20,10,13,False,25,False,J6(P10); J4(P9); J5(P9); J20(P9); J1(P8); J7(P8); J12(P8); J16(P8); J17(P8); J18(P8); J3(P7); J10(P7); J13(P7); J9(P6); J11(P6); J8(P5); J14(P3); J15(P3); J19(P3); J2(P2)
34,J9,6,2880,OP3,M1,15,Citybike_Hauptrahmen_zugeschnitten,0.05397367477416992,-4.035374164581299,1748.0,1748,20,10,14,False,39,False,J6(P10); J4(P9); J5(P9); J20(P9); J1(P8); J7(P8); J12(P8); J16(P8); J17(P8); J18(P8); J3(P7); J10(P7); J13(P7); J9(P6); J11(P6); J8(P5); J14(P3); J15(P3); J19(P3); J2(P2)
35,J6,10,2806,OP5,M2,29,Racebike_Hauptrahmen_zugeschnitten,0.03443802520632744,1.9894073009490967,1802.0,1802,20,10,1,True,15,False,J6(P10); J4(P9); J5(P9); J20(P9); J1(P8); J7(P8); J12(P8); J16(P8); J17(P8); J18(P8); J3(P7); J10(P7); J13(P7); J9(P6); J11(P6); J8(P5); J14(P3); J15(P3); J19(P3); J2(P2)
36,J17,8,2880,OP1,M1,43,E-Bike_Tretlager_gefraest,0.03326050564646721,-7.105020999908447,1846.0,1846,20,10,9,False,43,False,J6(P10); J4(P9); J5(P9); J20(P9); J1(P8); J7(P8); J12(P8); J16(P8); J17(P8); J18(P8); J3(P7); J10(P7); J13(P7); J9(P6); J11(P6); J8(P5); J14(P3); J15(P3); J19(P3); J2(P2)
37,J7,8,2880,OP3,M2,23,E-Bike_Hinterbau_vorbereitet,0.04198687896132469,-3.5552425384521484,1932.0,1932,20,10,6,False,28,False,J6(P10); J4(P9); J5(P9); J20(P9); J1(P8); J7(P8); J12(P8); J16(P8); J17(P8); J18(P8); J3(P7); J10(P7); J13(P7); J9(P6); J11(P6); J8(P5); J14(P3); J15(P3); J19(P3); J2(P2)
38,J12,8,2880,OP4,M2,18,Mountainbike_Rahmen_lackiert,0.05655016377568245,-4.285094738006592,1983.0,1983,20,10,7,False,26,False,J6(P10); J4(P9); J5(P9); J20(P9); J1(P8); J7(P8); J12(P8); J16(P8); J17(P8); J18(P8); J3(P7); J10(P7); J13(P7); J9(P6); J11(P6); J8(P5); J14(P3); J15(P3); J19(P3); J2(P2)
39,J20,9,2831,OP1,M1,22,E-Bike_Hinterbau_vorbereitet,0.04087712615728378,-8.484655380249023,2027.0,2027,20,10,4,False,40,False,J6(P10); J4(P9); J5(P9); J20(P9); J1(P8); J7(P8); J12(P8); J16(P8); J17(P8); J18(P8); J3(P7); J10(P7); J13(P7); J9(P6); J11(P6); J8(P5); J14(P3); J15(P3); J19(P3); J2(P2)
40,J7,8,2880,OP4,M1,33,E-Bike_Rahmen_nachbearbeitet,0.04197370633482933,-10.723272323608398,2089.0,2089,20,10,6,False,40,False,J6(P10); J4(P9); J5(P9); J20(P9); J1(P8); J7(P8); J12(P8); J16(P8); J17(P8); J18(P8); J3(P7); J10(P7); J13(P7); J9(P6); J11(P6); J8(P5); J14(P3); J15(P3); J19(P3); J2(P2)
41,J14,3,2880,OP2,M1,42,Citybike_Rahmen_nachbearbeitet,0.03193915635347366,-17.750385284423828,2162.0,2162,20,10,17,False,54,False,J6(P10); J4(P9); J5(P9); J20(P9); J1(P8); J7(P8); J12(P8); J16(P8); J17(P8); J18(P8); J3(P7); J10(P7); J13(P7); J9(P6); J11(P6); J8(P5); J14(P3); J15(P3); J19(P3); J2(P2)
42,J1,8,2880,OP3,M3,48,Racebike_Hinterbau_vorbereitet,0.03457473963499069,-2.2088072299957275,2258.0,2258,20,10,5,False,16,False,J6(P10); J4(P9); J5(P9); J20(P9); J1(P8); J7(P8); J12(P8); J16(P8); J17(P8); J18(P8); J3(P7); J10(P7); J13(P7); J9(P6); J11(P6); J8(P5); J14(P3); J15(P3); J19(P3); J2(P2)
43,J19,3,2832,OP4,M1,18,Mountainbike_Hinterbau_vorbereitet,0.03991653025150299,-9.685322761535645,2322.0,2322,20,10,19,False,40,False,J6(P10); J4(P9); J5(P9); J20(P9); J1(P8); J7(P8); J12(P8); J16(P8); J17(P8); J18(P8); J3(P7); J10(P7); J13(P7); J9(P6); J11(P6); J8(P5); J14(P3); J15(P3); J19(P3); J2(P2)
44,J19,3,2832,OP5,M3,34,Mountainbike_Bremsen_justiert,0.039910756051540375,-3.6526191234588623,2380.0,2380,20,10,19,False,13,False,J6(P10); J4(P9); J5(P9); J20(P9); J1(P8); J7(P8); J12(P8); J16(P8); J17(P8); J18(P8); J3(P7); J10(P7); J13(P7); J9(P6); J11(P6); J8(P5); J14(P3); J15(P3); J19(P3); J2(P2)
45,J17,8,2880,OP2,M2,25,E-Bike_Laufraeder_montiert,0.03326096385717392,-3.6611485481262207,2427.0,2427,20,10,9,False,28,False,J6(P10); J4(P9); J5(P9); J20(P9); J1(P8); J7(P8); J12(P8); J16(P8); J17(P8); J18(P8); J3(P7); J10(P7); J13(P7); J9(P6); J11(P6); J8(P5); J14(P3); J15(P3); J19(P3); J2(P2)
46,J5,9,2828,OP2,M3,33,E-Bike_Rahmen_komplettiert,0.027302082628011703,-3.8707568645477295,2480.0,2480,20,10,3,False,24,False,J6(P10); J4(P9); J5(P9); J20(P9); J1(P8); J7(P8); J12(P8); J16(P8); J17(P8); J18(P8); J3(P7); J10(P7); J13(P7); J9(P6); J11(P6); J8(P5); J14(P3); J15(P3); J19(P3); J2(P2)
47,J13,7,2880,OP4,M3,46,Citybike_Tretlageraufnahme_geschweisst,0.03578953444957733,-4.191507816314697,2537.0,2537,20,10,13,False,15,False,J6(P10); J4(P9); J5(P9); J20(P9); J1(P8); J7(P8); J12(P8); J16(P8); J17(P8); J18(P8); J3(P7); J10(P7); J13(P7); J9(P6); J11(P6); J8(P5); J14(P3); J15(P3); J19(P3); J2(P2)
48,J7,8,2880,OP5,M1,26,E-Bike_Tretlager_gefraest,0.04197359457612038,-13.726473808288574,2598.0,2598,20,10,6,False,55,False,J6(P10); J4(P9); J5(P9); J20(P9); J1(P8); J7(P8); J12(P8); J16(P8); J17(P8); J18(P8); J3(P7); J10(P7); J13(P7); J9(P6); J11(P6); J8(P5); J14(P3); J15(P3); J19(P3); J2(P2)
49,J9,6,2880,OP4,M3,32,Citybike_Steuerrohr_montiert,0.05397382006049156,-4.595473289489746,2679.0,2679,20,10,14,False,15,False,J6(P10); J4(P9); J5(P9); J20(P9); J1(P8); J7(P8); J12(P8); J16(P8); J17(P8); J18(P8); J3(P7); J10(P7); J13(P7); J9(P6); J11(P6); J8(P5); J14(P3); J15(P3); J19(P3); J2(P2)
50,J18,8,2880,OP5,M1,24,Racebike_Rahmen_komplettiert,0.11332942545413971,65.32735295613605,2726.0,2726,20,10,10,False,47,True,J6(P10); J4(P9); J5(P9); J20(P9); J1(P8); J7(P8); J12(P8); J16(P8); J17(P8); J18(P8); J3(P7); J10(P7); J13(P7); J9(P6); J11(P6); J8(P5); J14(P3); J15(P3); J19(P3); J2(P2)
51,J12,8,2880,OP5,M1,32,Mountainbike_Tretlager_gefraest,0.06378832459449768,-14.082412719726562,2797.0,2797,19,10,7,False,38,False,J6(P10); J4(P9); J5(P9); J20(P9); J1(P8); J7(P8); J12(P8); J16(P8); J17(P8); J3(P7); J10(P7); J13(P7); J9(P6); J11(P6); J8(P5); J14(P3); J15(P3); J19(P3); J2(P2)
52,J15,3,2846,OP1,M2,26,Mountainbike_Fahrrad_endmontiert,0.04342860355973244,-8.390365600585938,2867.0,2867,19,10,17,False,26,False,J6(P10); J4(P9); J5(P9); J20(P9); J1(P8); J7(P8); J12(P8); J16(P8); J17(P8); J3(P7); J10(P7); J13(P7); J9(P6); J11(P6); J8(P5); J14(P3); J15(P3); J19(P3); J2(P2)
53,J16,8,2239,OP2,M2,19,Mountainbike_Antrieb_installiert,0.12507273256778717,-7.62729549407959,2919.0,2919,19,10,8,False,20,False,J6(P10); J4(P9); J5(P9); J20(P9); J1(P8); J7(P8); J12(P8); J16(P8); J17(P8); J3(P7); J10(P7); J13(P7); J9(P6); J11(P6); J8(P5); J14(P3); J15(P3); J19(P3); J2(P2)
54,J15,3,2846,OP2,M3,38,Mountainbike_Rahmen_lackiert,0.04342835023999214,-4.944886684417725,2958.0,2958,19,10,17,False,12,False,J6(P10); J4(P9); J5(P9); J20(P9); J1(P8); J7(P8); J12(P8); J16(P8); J17(P8); J3(P7); J10(P7); J13(P7); J9(P6); J11(P6); J8(P5); J14(P3); J15(P3); J19(P3); J2(P2)
55,J10,7,2880,OP2,M1,45,E-Bike_Bremsaufnahme_gebohrt,0.06679099053144455,-17.47775650024414,3008.0,3008,19,10,11,False,55,False,J6(P10); J4(P9); J5(P9); J20(P9); J1(P8); J7(P8); J12(P8); J16(P8); J17(P8); J3(P7); J10(P7); J13(P7); J9(P6); J11(P6); J8(P5); J14(P3); J15(P3); J19(P3); J2(P2)
56,J3,7,2785,OP2,M2,22,Racebike_Laufraeder_montiert,0.04530669003725052,-9.082119941711426,3108.0,3108,19,10,10,False,24,False,J6(P10); J4(P9); J5(P9); J20(P9); J1(P8); J7(P8); J12(P8); J16(P8); J17(P8); J3(P7); J10(P7); J13(P7); J9(P6); J11(P6); J8(P5); J14(P3); J15(P3); J19(P3); J2(P2)
57,J3,7,2785,OP3,M3,40,Racebike_Rahmen_komplettiert,0.045309022068977356,-7.1160969734191895,3154.0,3154,19,10,10,False,16,False,J6(P10); J4(P9); J5(P9); J20(P9); J1(P8); J7(P8); J12(P8); J16(P8); J17(P8); J3(P7); J10(P7); J13(P7); J9(P6); J11(P6); J8(P5); J14(P3); J15(P3); J19(P3); J2(P2)
58,J17,8,2880,OP3,M2,16,E-Bike_Hauptrahmen_zugeschnitten,0.03751329332590103,-10.263845443725586,3210.0,3210,19,10,9,False,28,False,J6(P10); J4(P9); J5(P9); J20(P9); J1(P8); J7(P8); J12(P8); J16(P8); J17(P8); J3(P7); J10(P7); J13(P7); J9(P6); J11(P6); J8(P5); J14(P3); J15(P3); J19(P3); J2(P2)
59,J11,6,2880,OP2,M2,22,Mountainbike_Fahrrad_endmontiert,0.04888376221060753,-11.805130958557129,3254.0,3254,19,10,14,False,26,False,J6(P10); J4(P9); J5(P9); J20(P9); J1(P8); J7(P8); J12(P8); J16(P8); J17(P8); J3(P7); J10(P7); J13(P7); J9(P6); J11(P6); J8(P5); J14(P3); J15(P3); J19(P3); J2(P2)
60,J2,2,2730,OP2,M1,24,Mountainbike_Bremsaufnahme_gebohrt,0.05216851457953453,-18.68270492553711,3302.0,3302,19,10,19,False,53,False,J6(P10); J4(P9); J5(P9); J20(P9); J1(P8); J7(P8); J12(P8); J16(P8); J17(P8); J3(P7); J10(P7); J13(P7); J9(P6); J11(P6); J8(P5); J14(P3); J15(P3); J19(P3); J2(P2)
61,J10,7,2880,OP3,M2,13,E-Bike_Bremsen_justiert,0.06680735945701599,-12.555266380310059,3379.0,3379,19,10,11,False,28,False,J6(P10); J4(P9); J5(P9); J20(P9); J1(P8); J7(P8); J12(P8); J16(P8); J17(P8); J3(P7); J10(P7); J13(P7); J9(P6); J11(P6); J8(P5); J14(P3); J15(P3); J19(P3); J2(P2)
62,J10,7,2880,OP4,M2,30,E-Bike_Hinterbau_vorbereitet,0.06681104004383087,-12.1270170211792,3420.0,3420,19,10,11,False,20,False,J6(P10); J4(P9); J5(P9); J20(P9); J1(P8); J7(P8); J12(P8); J16(P8); J17(P8); J3(P7); J10(P7); J13(P7); J9(P6); J11(P6); J8(P5); J14(P3); J15(P3); J19(P3); J2(P2)
63,J14,3,2880,OP3,M3,38,Citybike_Hauptrahmen_zugeschnitten,0.036024343222379684,-10.096211433410645,3470.0,3470,19,10,16,False,18,False,J6(P10); J4(P9); J5(P9); J20(P9); J1(P8); J7(P8); J12(P8); J16(P8); J17(P8); J3(P7); J10(P7); J13(P7); J9(P6); J11(P6); J8(P5); J14(P3); J15(P3); J19(P3); J2(P2)
64,J9,6,2880,OP5,M2,19,Citybike_Fahrrad_endmontiert,0.060874082148075104,0.12854862213134766,3526.0,3526,19,10,13,False,28,True,J6(P10); J4(P9); J5(P9); J20(P9); J1(P8); J7(P8); J12(P8); J16(P8); J17(P8); J3(P7); J10(P7); J13(P7); J9(P6); J11(P6); J8(P5); J14(P3); J15(P3); J19(P3); J2(P2)
65,J16,8,2239,OP3,M2,17,Mountainbike_Fahrrad_endmontiert,0.133152037858963,-11.811626434326172,3573.0,3573,18,10,8,False,20,False,J6(P10); J4(P9); J5(P9); J20(P9); J1(P8); J7(P8); J12(P8); J16(P8); J17(P8); J3(P7); J10(P7); J13(P7); J11(P6); J8(P5); J14(P3); J15(P3); J19(P3); J2(P2)
66,J8,5,2857,OP3,M3,51,Mountainbike_Laufraeder_montiert,0.08940772712230682,-11.230012893676758,3610.0,3610,18,10,14,False,12,False,J6(P10); J4(P9); J5(P9); J20(P9); J1(P8); J7(P8); J12(P8); J16(P8); J17(P8); J3(P7); J10(P7); J13(P7); J11(P6); J8(P5); J14(P3); J15(P3); J19(P3); J2(P2)
67,J7,8,2880,OP6,M3,40,E-Bike_Bremsaufnahme_gebohrt,0.050413426011800766,19.079677679273814,3673.0,3673,18,10,6,False,24,True,J6(P10); J4(P9); J5(P9); J20(P9); J1(P8); J7(P8); J12(P8); J16(P8); J17(P8); J3(P7); J10(P7); J13(P7); J11(P6); J8(P5); J14(P3); J15(P3); J19(P3); J2(P2)
68,J1,8,2880,OP4,M1,20,Racebike_Rahmen_lackiert,0.04372084140777588,-15.397420883178711,3737.0,3737,17,10,5,False,35,False,J6(P10); J4(P9); J5(P9); J20(P9); J1(P8); J12(P8); J16(P8); J17(P8); J3(P7); J10(P7); J13(P7); J11(P6); J8(P5); J14(P3); J15(P3); J19(P3); J2(P2)
69,J4,9,2795,OP2,M1,39,Racebike_Hinterbau_vorbereitet,0.054678384214639664,-18.982044219970703,3792.0,3792,17,10,2,False,40,False,J6(P10); J4(P9); J5(P9); J20(P9); J1(P8); J12(P8); J16(P8); J17(P8); J3(P7); J10(P7); J13(P7); J11(P6); J8(P5); J14(P3); J15(P3); J19(P3); J2(P2)
70,J1,8,2880,OP5,M2,10,Racebike_Tretlager_gefraest,0.04372728615999222,-12.437932968139648,3871.0,3871,17,10,5,False,24,False,J6(P10); J4(P9); J5(P9); J20(P9); J1(P8); J12(P8); J16(P8); J17(P8); J3(P7); J10(P7); J13(P7); J11(P6); J8(P5); J14(P3); J15(P3); J19(P3); J2(P2)
71,J13,7,2880,OP5,M2,14,Citybike_Rahmen_lackiert,0.045252252370119095,-14.288314819335938,3905.0,3905,17,10,11,False,25,False,J6(P10); J4(P9); J5(P9); J20(P9); J1(P8); J12(P8); J16(P8); J17(P8); J3(P7); J10(P7); J13(P7); J11(P6); J8(P5); J14(P3); J15(P3); J19(P3); J2(P2)
72,J20,9,2831,OP2,M1,19,E-Bike_Bremsen_justiert,0.051662977784872055,-20.315319061279297,3944.0,3944,17,10,4,False,47,False,J6(P10); J4(P9); J5(P9); J20(P9); J1(P8); J12(P8); J16(P8); J17(P8); J3(P7); J10(P7); J13(P7); J11(P6); J8(P5); J14(P3); J15(P3); J19(P3); J2(P2)
73,J4,9,2795,OP3,M2,29,Racebike_Bremsaufnahme_gebohrt,0.0546824187040329,-12.573348045349121,4010.0,4010,17,10,2,False,15,False,J6(P10); J4(P9); J5(P9); J20(P9); J1(P8); J12(P8); J16(P8); J17(P8); J3(P7); J10(P7); J13(P7); J11(P6); J8(P5); J14(P3); J15(P3); J19(P3); J2(P2)
74,J4,9,2795,OP4,M3,45,Racebike_Rahmen_komplettiert,0.05467943474650383,-13.123876571655273,4054.0,4054,17,10,2,False,25,False,J6(P10); J4(P9); J5(P9); J20(P9); J1(P8); J12(P8); J16(P8); J17(P8); J3(P7); J10(P7); J13(P7); J11(P6); J8(P5); J14(P3); J15(P3); J19(P3); J2(P2)
75,J6,10,2806,OP6,M2,21,Racebike_Rahmen_nachbearbeitet,0.04355042055249214,-11.948939323425293,4124.0,4124,17,10,1,True,20,False,J6(P10); J4(P9); J5(P9); J20(P9); J1(P8); J12(P8); J16(P8); J17(P8); J3(P7); J10(P7); J13(P7); J11(P6); J8(P5); J14(P3); J15(P3); J19(P3); J2(P2)
76,J19,3,2832,OP6,M3,43,Mountainbike_Steuerrohr_ausgerieben,0.050466641783714294,-10.975622177124023,4165.0,4165,17,10,16,False,13,True,J6(P10); J4(P9); J5(P9); J20(P9); J1(P8); J12(P8); J16(P8); J17(P8); J3(P7); J10(P7); J13(P7); J11(P6); J8(P5); J14(P3); J15(P3); J19(P3); J2(P2)
77,J15,3,2846,OP3,M1,42,Mountainbike_Tretlager_gefraest,0.05128505453467369,-21.80949592590332,4221.0,4221,16,10,15,False,53,False,J6(P10); J4(P9); J5(P9); J20(P9); J1(P8); J12(P8); J16(P8); J17(P8); J3(P7); J10(P7); J13(P7); J11(P6); J8(P5); J14(P3); J15(P3); J2(P2)
78,J12,8,2880,OP6,M3,22,Mountainbike_Laufraeder_montiert,0.07531651854515076,-11.300525665283203,4316.0,4316,16,10,6,False,15,False,J6(P10); J4(P9); J5(P9); J20(P9); J1(P8); J12(P8); J16(P8); J17(P8); J3(P7); J10(P7); J13(P7); J11(P6); J8(P5); J14(P3); J15(P3); J2(P2)
79,J8,5,2857,OP4,M1,20,Mountainbike_Hauptrahmen_zugeschnitten,0.09918789565563202,-19.267112731933594,4353.0,4353,16,10,13,False,40,False,J6(P10); J4(P9); J5(P9); J20(P9); J1(P8); J12(P8); J16(P8); J17(P8); J3(P7); J10(P7); J13(P7); J11(P6); J8(P5); J14(P3); J15(P3); J2(P2)
80,J8,5,2857,OP5,M3,21,Mountainbike_Tretlageraufnahme_geschweisst,0.09916283190250397,-4.4778900146484375,4413.0,4413,16,10,13,False,15,True,J6(P10); J4(P9); J5(P9); J20(P9); J1(P8); J12(P8); J16(P8); J17(P8); J3(P7); J10(P7); J13(P7); J11(P6); J8(P5); J14(P3); J15(P3); J2(P2)
81,J10,7,2880,OP5,M1,33,E-Bike_Antrieb_installiert,0.08760084956884384,-8.615049362182617,4449.0,4449,15,10,10,False,55,True,J6(P10); J4(P9); J5(P9); J20(P9); J1(P8); J12(P8); J16(P8); J17(P8); J3(P7); J10(P7); J13(P7); J11(P6); J14(P3); J15(P3); J2(P2)
82,J16,8,2239,OP4,M2,19,Mountainbike_Bremsaufnahme_gebohrt,0.17969752848148346,-13.43881893157959,4537.0,4537,14,10,7,False,25,False,J6(P10); J4(P9); J5(P9); J20(P9); J1(P8); J12(P8); J16(P8); J17(P8); J3(P7); J13(P7); J11(P6); J14(P3); J15(P3); J2(P2)
83,J20,9,2831,OP3,M2,18,E-Bike_Hauptrahmen_zugeschnitten,0.06620202213525772,-15.37944221496582,4581.0,4581,14,10,4,False,28,False,J6(P10); J4(P9); J5(P9); J20(P9); J1(P8); J12(P8); J16(P8); J17(P8); J3(P7); J13(P7); J11(P6); J14(P3); J15(P3); J2(P2)
84,J17,8,2880,OP4,M2,14,E-Bike_Hinterbau_vorbereitet,0.053891994059085846,-14.190274238586426,4627.0,4627,14,10,8,False,20,False,J6(P10); J4(P9); J5(P9); J20(P9); J1(P8); J12(P8); J16(P8); J17(P8); J3(P7); J13(P7); J11(P6); J14(P3); J15(P3); J2(P2)
85,J12,8,2880,OP7,M3,40,Mountainbike_Antrieb_installiert,0.09165505319833755,-11.801008224487305,4661.0,4661,14,10,6,False,15,False,J6(P10); J4(P9); J5(P9); J20(P9); J1(P8); J12(P8); J16(P8); J17(P8); J3(P7); J13(P7); J11(P6); J14(P3); J15(P3); J2(P2)
86,J4,9,2795,OP5,M2,18,Racebike_Steuerrohr_ausgerieben,0.07004687190055847,-14.930679321289062,4716.0,4716,14,10,2,False,26,False,J6(P10); J4(P9); J5(P9); J20(P9); J1(P8); J12(P8); J16(P8); J17(P8); J3(P7); J13(P7); J11(P6); J14(P3); J15(P3); J2(P2)
87,J16,8,2239,OP5,M2,24,Mountainbike_Rahmen_nachbearbeitet,0.17968931794166565,8.218348313067949,4760.0,4760,14,10,7,False,25,True,J6(P10); J4(P9); J5(P9); J20(P9); J1(P8); J12(P8); J16(P8); J17(P8); J3(P7); J13(P7); J11(P6); J14(P3); J15(P3); J2(P2)
88,J12,8,2880,OP8,M1,44,Mountainbike_Steuerrohr_montiert,0.11171366274356842,6.574694586859808,4809.0,4809,13,10,6,False,53,True,J6(P10); J4(P9); J5(P9); J20(P9); J1(P8); J12(P8); J17(P8); J3(P7); J13(P7); J11(P6); J14(P3); J15(P3); J2(P2)
89,J13,7,2880,OP6,M2,11,Citybike_Rahmen_nachbearbeitet,0.07958275824785233,3.898275375366211,4906.0,4906,12,10,8,False,15,True,J6(P10); J4(P9); J5(P9); J20(P9); J1(P8); J17(P8); J3(P7); J13(P7); J11(P6); J14(P3); J15(P3); J2(P2)
90,J2,2,2730,OP3,M2,12,Mountainbike_Rahmen_komplettiert,0.11175031214952469,-14.412442207336426,4932.0,4932,11,10,11,False,20,False,J6(P10); J4(P9); J5(P9); J20(P9); J1(P8); J17(P8); J3(P7); J11(P6); J14(P3); J15(P3); J2(P2)
91,J11,6,2880,OP3,M2,19,Mountainbike_Bremsaufnahme_gebohrt,0.10471442341804504,-15.435994148254395,4964.0,4964,11,10,8,False,20,False,J6(P10); J4(P9); J5(P9); J20(P9); J1(P8); J17(P8); J3(P7); J11(P6); J14(P3); J15(P3); J2(P2)
92,J20,9,2831,OP4,M3,48,E-Bike_Schaltauge_bearbeitet,0.09872392565011978,-14.335800170898438,5003.0,5003,11,10,4,False,24,False,J6(P10); J4(P9); J5(P9); J20(P9); J1(P8); J17(P8); J3(P7); J11(P6); J14(P3); J15(P3); J2(P2)
93,J4,9,2795,OP6,M3,34,Racebike_Hauptrahmen_zugeschnitten,0.10444733500480652,-16.01174545288086,5075.0,5075,11,10,2,False,25,False,J6(P10); J4(P9); J5(P9); J20(P9); J1(P8); J17(P8); J3(P7); J11(P6); J14(P3); J15(P3); J2(P2)
94,J14,3,2880,OP4,M1,41,Citybike_Rahmen_lackiert,0.07716966420412064,-19.28545379638672,5134.0,5134,11,10,9,False,39,False,J6(P10); J4(P9); J5(P9); J20(P9); J1(P8); J17(P8); J3(P7); J11(P6); J14(P3); J15(P3); J2(P2)
95,J6,10,2806,OP7,M3,39,Racebike_Antrieb_installiert,0.08321285247802734,-13.016425132751465,5214.0,5214,11,10,1,True,15,False,J6(P10); J4(P9); J5(P9); J20(P9); J1(P8); J17(P8); J3(P7); J11(P6); J14(P3); J15(P3); J2(P2)
96,J5,9,2828,OP3,M2,17,E-Bike_Tretlageraufnahme_geschweisst,0.06596490740776062,-14.04216480255127,5268.0,5268,11,10,3,False,28,False,J6(P10); J4(P9); J5(P9); J20(P9); J1(P8); J17(P8); J3(P7); J11(P6); J14(P3); J15(P3); J2(P2)
97,J4,9,2795,OP7,M1,24,Racebike_Steuerrohr_montiert,0.10445550829172134,-18.07042694091797,5313.0,5313,11,10,2,False,42,False,J6(P10); J4(P9); J5(P9); J20(P9); J1(P8); J17(P8); J3(P7); J11(P6); J14(P3); J15(P3); J2(P2)
98,J3,7,2785,OP4,M1,25,Racebike_Bremsen_justiert,0.0970785915851593,-19.699665069580078,5379.0,5379,11,10,7,False,40,False,J6(P10); J4(P9); J5(P9); J20(P9); J1(P8); J17(P8); J3(P7); J11(P6); J14(P3); J15(P3); J2(P2)
99,J1,8,2880,OP6,M2,27,Racebike_Tretlageraufnahme_geschweisst,0.08353619277477264,10.488939225938585,5444.0,5444,11,10,5,False,26,True,J6(P10); J4(P9); J5(P9); J20(P9); J1(P8); J17(P8); J3(P7); J11(P6); J14(P3); J15(P3); J2(P2)
100,J6,10,2806,OP8,M2,11,Racebike_Schaltauge_bearbeitet,0.09079629182815552,18.431404254312444,5497.0,5497,10,10,1,True,20,True,J6(P10); J4(P9); J5(P9); J20(P9); J17(P8); J3(P7); J11(P6); J14(P3); J15(P3); J2(P2)
101,J17,8,2880,OP5,M1,42,E-Bike_Rahmen_nachbearbeitet,0.09645718336105347,-22.726640701293945,5528.0,5528,9,9,4,False,47,False,J4(P9); J5(P9); J20(P9); J17(P8); J3(P7); J11(P6); J14(P3); J15(P3); J2(P2)
102,J14,3,2880,OP5,M3,42,Citybike_Schaltauge_bearbeitet,0.09261089563369751,-12.9743070602417,5617.0,5617,9,9,7,False,18,False,J4(P9); J5(P9); J20(P9); J17(P8); J3(P7); J11(P6); J14(P3); J15(P3); J2(P2)
103,J15,3,2846,OP4,M3,32,Mountainbike_Rahmen_nachbearbeitet,0.11164382845163345,-12.497701644897461,5677.0,5677,9,9,8,False,12,False,J4(P9); J5(P9); J20(P9); J17(P8); J3(P7); J11(P6); J14(P3); J15(P3); J2(P2)
104,J2,2,2730,OP4,M2,12,Mountainbike_Hauptrahmen_zugeschnitten,0.1341426968574524,-14.227821350097656,5721.0,5721,9,9,9,False,25,False,J4(P9); J5(P9); J20(P9); J17(P8); J3(P7); J11(P6); J14(P3); J15(P3); J2(P2)
105,J4,9,2795,OP8,M1,23,Racebike_Bremsen_justiert,0.1253623068332672,8.903419486098725,5758.0,5758,9,9,1,True,47,True,J4(P9); J5(P9); J20(P9); J17(P8); J3(P7); J11(P6); J14(P3); J15(P3); J2(P2)
106,J15,3,2846,OP5,M1,43,Mountainbike_Hauptrahmen_zugeschnitten,0.12764282524585724,-19.718223571777344,5828.0,5828,8,9,7,False,38,False,J5(P9); J20(P9); J17(P8); J3(P7); J11(P6); J14(P3); J15(P3); J2(P2)
107,J20,9,2831,OP5,M3,40,E-Bike_Rahmen_nachbearbeitet,0.13543006777763367,13.339305048409976,5909.0,5909,8,9,2,False,24,True,J5(P9); J20(P9); J17(P8); J3(P7); J11(P6); J14(P3); J15(P3); J2(P2)
108,J11,6,2880,OP4,M1,21,Mountainbike_Hinterbau_vorbereitet,0.1661680042743683,-20.09864616394043,5973.0,5973,7,9,4,False,40,False,J5(P9); J17(P8); J3(P7); J11(P6); J14(P3); J15(P3); J2(P2)
109,J11,6,2880,OP5,M2,18,Mountainbike_Rahmen_lackiert,0.16618816554546356,-12.485097885131836,6034.0,6034,7,9,4,False,20,False,J5(P9); J17(P8); J3(P7); J11(P6); J14(P3); J15(P3); J2(P2)
110,J2,2,2730,OP5,M2,13,Mountainbike_Steuerrohr_montiert,0.17737725377082825,-18.376794815063477,6072.0,6072,7,9,7,False,20,True,J5(P9); J17(P8); J3(P7); J11(P6); J14(P3); J15(P3); J2(P2)
111,J3,7,2785,OP5,M2,18,Racebike_Rahmen_lackiert,0.18730227649211884,-15.382522583007812,6105.0,6105,6,9,3,False,24,False,J5(P9); J17(P8); J3(P7); J11(P6); J14(P3); J15(P3)
112,J17,8,2880,OP6,M3,44,E-Bike_Steuerrohr_montiert,0.1550496518611908,-12.019274711608887,6147.0,6147,6,9,2,False,15,False,J5(P9); J17(P8); J3(P7); J11(P6); J14(P3); J15(P3)
113,J17,8,2880,OP7,M2,22,E-Bike_Rahmen_lackiert,0.15505200624465942,-15.73809814453125,6206.0,6206,6,9,2,False,28,False,J5(P9); J17(P8); J3(P7); J11(P6); J14(P3); J15(P3)
114,J5,9,2828,OP4,M2,25,E-Bike_Tretlager_gefraest,0.12722383439540863,-14.839176177978516,6256.0,6256,6,9,1,True,20,False,J5(P9); J17(P8); J3(P7); J11(P6); J14(P3); J15(P3)
115,J3,7,2785,OP6,M1,31,Racebike_Tretlager_gefraest,0.18726003170013428,-17.508081436157227,6301.0,6301,6,9,3,False,35,False,J5(P9); J17(P8); J3(P7); J11(P6); J14(P3); J15(P3)
116,J5,9,2828,OP5,M1,19,E-Bike_Fahrrad_endmontiert,0.12728999555110931,-21.659305572509766,6367.0,6367,6,9,1,True,47,False,J5(P9); J17(P8); J3(P7); J11(P6); J14(P3); J15(P3)
117,J3,7,2785,OP7,M2,24,Racebike_Steuerrohr_ausgerieben,0.18729153275489807,-1.7491722106933594,6433.0,6433,6,9,3,False,26,True,J5(P9); J17(P8); J3(P7); J11(P6); J14(P3); J15(P3)
118,J15,3,2846,OP6,M2,12,Mountainbike_Steuerrohr_ausgerieben,0.22087615728378296,-18.267513275146484,6483.0,6483,5,9,5,False,25,True,J5(P9); J17(P8); J11(P6); J14(P3); J15(P3)
119,J11,6,2880,OP6,M1,30,Mountainbike_Steuerrohr_montiert,0.31905558705329895,-14.49077033996582,6520.0,6520,4,9,3,False,53,True,J5(P9); J17(P8); J11(P6); J14(P3)
120,J17,8,2880,OP8,M3,60,E-Bike_Rahmen_komplettiert,0.3595964014530182,11.570279026031493,6603.0,6603,3,9,2,False,15,True,J5(P9); J17(P8); J14(P3)
121,J14,3,2880,OP6,M1,15,Citybike_Fahrrad_endmontiert,0.5391359925270081,-18.94084930419922,6678.0,6678,2,9,2,False,39,False,J5(P9); J14(P3)
122,J14,3,2880,OP7,M1,25,Citybike_Rahmen_komplettiert,0.539134681224823,-22.271650314331055,6732.0,6732,2,9,2,False,40,True,J5(P9); J14(P3)
123,J5,9,2828,OP6,M2,19,E-Bike_Hinterbau_vorbereitet,1.0,20.452287835926448,6797.0,6797,1,9,1,True,28,True,J5(P9)
