episode,step,machine_idx,machine_time,current_time,utilization
1,1,0,38,38.0,1.0
1,1,1,0,38.0,0.0
1,1,2,0,38.0,0.0
1,2,0,104,104.0,1.0
1,2,1,0,104.0,0.0
1,2,2,0,104.0,0.0
1,3,0,180,180.0,1.0
1,3,1,0,180.0,0.0
1,3,2,0,180.0,0.0
1,4,0,239,239.0,1.0
1,4,1,0,239.0,0.0
1,4,2,0,239.0,0.0
1,5,0,304,304.0,1.0
1,5,1,0,304.0,0.0
1,5,2,0,304.0,0.0
1,6,0,359,359.0,1.0
1,6,1,0,359.0,0.0
1,6,2,0,359.0,0.0
1,7,0,435,435.0,1.0
1,7,1,0,435.0,0.0
1,7,2,0,435.0,0.0
1,8,0,435,448.0,0.9709821428571429
1,8,1,448,448.0,1.0
1,8,2,0,448.0,0.0
1,9,0,528,528.0,1.0
1,9,1,448,528.0,0.8484848484848485
1,9,2,0,528.0,0.0
1,10,0,528,559.0,0.9445438282647585
1,10,1,559,559.0,1.0
1,10,2,0,559.0,0.0
1,11,0,528,613.0,0.8613376835236541
1,11,1,559,613.0,0.9119086460032626
1,11,2,613,613.0,1.0
1,12,0,528,648.0,0.8148148148148148
1,12,1,648,648.0,1.0
1,12,2,613,648.0,0.9459876543209876
1,13,0,528,693.0,0.7619047619047619
1,13,1,648,693.0,0.935064935064935
1,13,2,693,693.0,1.0
1,14,0,528,743.0,0.7106325706594886
1,14,1,743,743.0,1.0
1,14,2,693,743.0,0.9327052489905787
1,15,0,824,824.0,1.0
1,15,1,743,824.0,0.9016990291262136
1,15,2,693,824.0,0.8410194174757282
1,16,0,824,859.0,0.959254947613504
1,16,1,859,859.0,1.0
1,16,2,693,859.0,0.8067520372526193
1,17,0,824,896.0,0.9196428571428571
1,17,1,859,896.0,0.9587053571428571
1,17,2,896,896.0,1.0
1,18,0,955,955.0,1.0
1,18,1,859,955.0,0.8994764397905759
1,18,2,896,955.0,0.9382198952879581
1,19,0,955,988.0,0.9665991902834008
1,19,1,988,988.0,1.0
1,19,2,896,988.0,0.9068825910931174
1,20,0,955,1031.0,0.9262851600387972
1,20,1,1031,1031.0,1.0
1,20,2,896,1031.0,0.8690591658583899
1,21,0,955,1068.0,0.8941947565543071
1,21,1,1068,1068.0,1.0
1,21,2,896,1068.0,0.8389513108614233
1,22,0,955,1113.0,0.8580413297394429
1,22,1,1113,1113.0,1.0
1,22,2,896,1113.0,0.8050314465408805
1,23,0,955,1154.0,0.8275563258232236
1,23,1,1154,1154.0,1.0
1,23,2,896,1154.0,0.7764298093587522
1,24,0,1210,1210.0,1.0
1,24,1,1154,1210.0,0.9537190082644628
1,24,2,896,1210.0,0.740495867768595
1,25,0,1210,1253.0,0.965682362330407
1,25,1,1253,1253.0,1.0
1,25,2,896,1253.0,0.7150837988826816
1,26,0,1309,1309.0,1.0
1,26,1,1253,1309.0,0.9572192513368984
1,26,2,896,1309.0,0.6844919786096256
1,27,0,1389,1389.0,1.0
1,27,1,1253,1389.0,0.9020878329733621
1,27,2,896,1389.0,0.6450683945284377
1,28,0,1389,1432.0,0.9699720670391061
1,28,1,1432,1432.0,1.0
1,28,2,896,1432.0,0.6256983240223464
1,29,0,1492,1492.0,1.0
1,29,1,1432,1492.0,0.9597855227882037
1,29,2,896,1492.0,0.6005361930294906
1,30,0,1492,1532.0,0.9738903394255874
1,30,1,1532,1532.0,1.0
1,30,2,896,1532.0,0.5848563968668408
1,31,0,1492,1577.0,0.9461001902346227
1,31,1,1577,1577.0,1.0
1,31,2,896,1577.0,0.5681674064679771
1,32,0,1492,1611.0,0.9261328367473619
1,32,1,1611,1611.0,1.0
1,32,2,896,1611.0,0.5561762880198634
1,33,0,1685,1685.0,1.0
1,33,1,1611,1685.0,0.9560830860534124
1,33,2,896,1685.0,0.5317507418397626
1,34,0,1685,1754.0,0.9606613454960091
1,34,1,1611,1754.0,0.9184720638540479
1,34,2,1754,1754.0,1.0
1,35,0,1685,1786.0,0.9434490481522956
1,35,1,1786,1786.0,1.0
1,35,2,1754,1786.0,0.9820828667413214
1,36,0,1685,1859.0,0.9064012910166757
1,36,1,1786,1859.0,0.9607315761161915
1,36,2,1859,1859.0,1.0
1,37,0,1685,1909.0,0.8826610790990047
1,37,1,1909,1909.0,1.0
1,37,2,1859,1909.0,0.9738082765845992
1,38,0,1685,1975.0,0.8531645569620253
1,38,1,1909,1975.0,0.9665822784810126
1,38,2,1975,1975.0,1.0
1,39,0,1685,2010.0,0.8383084577114428
1,39,1,2010,2010.0,1.0
1,39,2,1975,2010.0,0.9825870646766169
1,40,0,1685,2043.0,0.8247674987763094
1,40,1,2043,2043.0,1.0
1,40,2,1975,2043.0,0.9667156142927068
1,41,0,1685,2076.0,0.8116570327552987
1,41,1,2043,2076.0,0.9841040462427746
1,41,2,2076,2076.0,1.0
1,42,0,1685,2125.0,0.7929411764705883
1,42,1,2043,2125.0,0.9614117647058823
1,42,2,2125,2125.0,1.0
1,43,0,1685,2163.0,0.7790106333795654
1,43,1,2163,2163.0,1.0
1,43,2,2125,2163.0,0.9824318076745261
1,44,0,1685,2203.0,0.7648660916931457
1,44,1,2163,2203.0,0.9818429414434862
1,44,2,2203,2203.0,1.0
1,45,0,1685,2242.0,0.7515611061552185
1,45,1,2163,2242.0,0.9647636039250669
1,45,2,2242,2242.0,1.0
1,46,0,1685,2281.0,0.7387110916264796
1,46,1,2163,2281.0,0.9482683033757124
1,46,2,2281,2281.0,1.0
1,47,0,1685,2324.0,0.7250430292598967
1,47,1,2324,2324.0,1.0
1,47,2,2281,2324.0,0.9814974182444062
1,48,0,1685,2366.0,0.7121724429416737
1,48,1,2366,2366.0,1.0
1,48,2,2281,2366.0,0.9640743871513102
1,49,0,1685,2430.0,0.6934156378600823
1,49,1,2366,2430.0,0.9736625514403292
1,49,2,2430,2430.0,1.0
1,50,0,1685,2483.0,0.6786145791381394
1,50,1,2366,2483.0,0.9528795811518325
1,50,2,2483,2483.0,1.0
1,51,0,2555,2555.0,1.0
1,51,1,2366,2555.0,0.9260273972602739
1,51,2,2483,2555.0,0.9718199608610567
1,52,0,2555,2615.0,0.9770554493307839
1,52,1,2366,2615.0,0.9047801147227533
1,52,2,2615,2615.0,1.0
1,53,0,2673,2673.0,1.0
1,53,1,2366,2673.0,0.8851477740366629
1,53,2,2615,2673.0,0.9783015338570894
1,54,0,2673,2746.0,0.973415877640204
1,54,1,2366,2746.0,0.8616168973051711
1,54,2,2746,2746.0,1.0
1,55,0,2673,2782.0,0.9608195542774982
1,55,1,2782,2782.0,1.0
1,55,2,2746,2782.0,0.98705966930266
1,56,0,2673,2823.0,0.946865037194474
1,56,1,2782,2823.0,0.9854764434998229
1,56,2,2823,2823.0,1.0
1,57,0,2673,2869.0,0.9316835134193099
1,57,1,2869,2869.0,1.0
1,57,2,2823,2869.0,0.9839665388637155
1,58,0,2673,2919.0,0.9157245632065776
1,58,1,2919,2919.0,1.0
1,58,2,2823,2919.0,0.9671120246659815
1,59,0,2673,2975.0,0.8984873949579832
1,59,1,2919,2975.0,0.9811764705882353
1,59,2,2975,2975.0,1.0
1,60,0,2673,3026.0,0.8833443489755453
1,60,1,2919,3026.0,0.9646397884996696
1,60,2,3026,3026.0,1.0
1,61,0,2673,3072.0,0.8701171875
1,61,1,3072,3072.0,1.0
1,61,2,3026,3072.0,0.9850260416666666
1,62,0,2673,3105.0,0.8608695652173913
1,62,1,3105,3105.0,1.0
1,62,2,3026,3105.0,0.9745571658615136
1,63,0,2673,3143.0,0.8504613426662424
1,63,1,3143,3143.0,1.0
1,63,2,3026,3143.0,0.9627744193445752
1,64,0,2673,3191.0,0.8376684424945158
1,64,1,3191,3191.0,1.0
1,64,2,3026,3191.0,0.9482920714509558
1,65,0,2673,3234.0,0.826530612244898
1,65,1,3234,3234.0,1.0
1,65,2,3026,3234.0,0.9356833642547928
1,66,0,2673,3302.0,0.8095093882495458
1,66,1,3234,3302.0,0.9794064203513022
1,66,2,3302,3302.0,1.0
1,67,0,2673,3344.0,0.7993421052631579
1,67,1,3344,3344.0,1.0
1,67,2,3302,3344.0,0.9874401913875598
1,68,0,2673,3384.0,0.7898936170212766
1,68,1,3384,3384.0,1.0
1,68,2,3302,3384.0,0.9757683215130024
1,69,0,2673,3419.0,0.7818075460661011
1,69,1,3419,3419.0,1.0
1,69,2,3302,3419.0,0.9657794676806084
1,70,0,2673,3461.0,0.7723201386882403
1,70,1,3461,3461.0,1.0
1,70,2,3302,3461.0,0.9540595203698353
1,71,0,2673,3503.0,0.76306023408507
1,71,1,3503,3503.0,1.0
1,71,2,3302,3503.0,0.9426206109049386
1,72,0,2673,3553.0,0.7523219814241486
1,72,1,3553,3553.0,1.0
1,72,2,3302,3553.0,0.9293554742471151
1,73,0,2673,3621.0,0.7381938690969345
1,73,1,3553,3621.0,0.9812206572769953
1,73,2,3621,3621.0,1.0
1,74,0,2673,3663.0,0.7297297297297297
1,74,1,3663,3663.0,1.0
1,74,2,3621,3663.0,0.9885339885339886
1,75,0,2673,3728.0,0.7170064377682404
1,75,1,3663,3728.0,0.9825643776824035
1,75,2,3728,3728.0,1.0
1,76,0,2673,3763.0,0.7103374966781824
1,76,1,3763,3763.0,1.0
1,76,2,3728,3763.0,0.9906989104437949
1,77,0,2673,3793.0,0.7047192196150804
1,77,1,3793,3793.0,1.0
1,77,2,3728,3793.0,0.9828631689955181
1,78,0,2673,3862.0,0.6921284308648369
1,78,1,3793,3862.0,0.9821336095287416
1,78,2,3862,3862.0,1.0
1,79,0,2673,3917.0,0.6824100076589227
1,79,1,3793,3917.0,0.9683431197344907
1,79,2,3917,3917.0,1.0
1,80,0,2673,3951.0,0.6765375854214123
1,80,1,3951,3951.0,1.0
1,80,2,3917,3951.0,0.9913945836497089
1,81,0,2673,3996.0,0.668918918918919
1,81,1,3996,3996.0,1.0
1,81,2,3917,3996.0,0.9802302302302303
1,82,0,4052,4052.0,1.0
1,82,1,3996,4052.0,0.9861796643632774
1,82,2,3917,4052.0,0.9666831194471865
1,83,0,4052,4095.0,0.9894993894993895
1,83,1,3996,4095.0,0.9758241758241758
1,83,2,4095,4095.0,1.0
1,84,0,4052,4140.0,0.978743961352657
1,84,1,4140,4140.0,1.0
1,84,2,4095,4140.0,0.9891304347826086
1,85,0,4052,4179.0,0.9696099545345777
1,85,1,4179,4179.0,1.0
1,85,2,4095,4179.0,0.9798994974874372
1,86,0,4052,4235.0,0.956788665879575
1,86,1,4179,4235.0,0.9867768595041322
1,86,2,4235,4235.0,1.0
1,87,0,4052,4280.0,0.9467289719626168
1,87,1,4280,4280.0,1.0
1,87,2,4235,4280.0,0.9894859813084113
1,88,0,4052,4321.0,0.9377458921545938
1,88,1,4321,4321.0,1.0
1,88,2,4235,4321.0,0.9800971997222865
1,89,0,4052,4362.0,0.9289316827143512
1,89,1,4321,4362.0,0.990600641907382
1,89,2,4362,4362.0,1.0
1,90,0,4052,4402.0,0.9204906860517946
1,90,1,4321,4402.0,0.981599273057701
1,90,2,4402,4402.0,1.0
1,91,0,4052,4446.0,0.9113810166441746
1,91,1,4446,4446.0,1.0
1,91,2,4402,4446.0,0.9901034637876743
1,92,0,4052,4483.0,0.9038590229756859
1,92,1,4483,4483.0,1.0
1,92,2,4402,4483.0,0.9819317421369619
1,93,0,4052,4537.0,0.8931011681728014
1,93,1,4483,4537.0,0.9880978620233635
1,93,2,4537,4537.0,1.0
1,94,0,4052,4569.0,0.8868461370102867
1,94,1,4569,4569.0,1.0
1,94,2,4537,4569.0,0.992996279273364
1,95,0,4052,4602.0,0.8804867448935245
1,95,1,4602,4602.0,1.0
1,95,2,4537,4602.0,0.9858757062146892
1,96,0,4052,4642.0,0.8728996122361051
1,96,1,4602,4642.0,0.99138302455838
1,96,2,4642,4642.0,1.0
1,97,0,4052,4678.0,0.8661821291150064
1,97,1,4602,4678.0,0.983753740914921
1,97,2,4678,4678.0,1.0
1,98,0,4052,4751.0,0.8528730793517154
1,98,1,4602,4751.0,0.9686381814354873
1,98,2,4751,4751.0,1.0
1,99,0,4052,4782.0,0.8473442074445838
1,99,1,4782,4782.0,1.0
1,99,2,4751,4782.0,0.993517356754496
1,100,0,4052,4839.0,0.8373630915478405
1,100,1,4782,4839.0,0.9882207067575945
1,100,2,4839,4839.0,1.0
1,101,0,4052,4889.0,0.8287993454694211
1,101,1,4889,4889.0,1.0
1,101,2,4839,4889.0,0.9897729597054612
1,102,0,4052,4926.0,0.8225740966301258
1,102,1,4926,4926.0,1.0
1,102,2,4839,4926.0,0.9823386114494519
1,103,0,4052,4968.0,0.8156199677938808
1,103,1,4968,4968.0,1.0
1,103,2,4839,4968.0,0.9740338164251208
1,104,0,4052,5005.0,0.8095904095904096
1,104,1,4968,5005.0,0.9926073926073926
1,104,2,5005,5005.0,1.0
1,105,0,4052,5046.0,0.8030122869599683
1,105,1,5046,5046.0,1.0
1,105,2,5005,5046.0,0.9918747522790329
1,106,0,4052,5101.0,0.7943540482258381
1,106,1,5046,5101.0,0.9892178004312879
1,106,2,5101,5101.0,1.0
1,107,0,4052,5138.0,0.7886337096146361
1,107,1,5046,5138.0,0.9820942000778513
1,107,2,5138,5138.0,1.0
1,108,0,4052,5168.0,0.7840557275541795
1,108,1,5168,5168.0,1.0
1,108,2,5138,5168.0,0.9941950464396285
1,109,0,4052,5222.0,0.7759479126771351
1,109,1,5168,5222.0,0.9896591344312524
1,109,2,5222,5222.0,1.0
1,110,0,4052,5259.0,0.770488686061989
1,110,1,5259,5259.0,1.0
1,110,2,5222,5259.0,0.9929644419091082
1,111,0,5322,5322.0,1.0
1,111,1,5259,5322.0,0.9881623449830891
1,111,2,5222,5322.0,0.9812100714017287
1,112,0,5322,5355.0,0.9938375350140056
1,112,1,5355,5355.0,1.0
1,112,2,5222,5355.0,0.9751633986928104
1,113,0,5417,5417.0,1.0
1,113,1,5355,5417.0,0.9885545504892007
1,113,2,5222,5417.0,0.9640022152482924
1,114,0,5417,5467.0,0.9908542162063289
1,114,1,5355,5467.0,0.9795134443021767
1,114,2,5467,5467.0,1.0
1,115,0,5417,5509.0,0.9833000544563442
1,115,1,5355,5509.0,0.9720457433290979
1,115,2,5509,5509.0,1.0
1,116,0,5417,5547.0,0.9765639084189652
1,116,1,5547,5547.0,1.0
1,116,2,5509,5547.0,0.993149450153236
1,117,0,5417,5596.0,0.968012866333095
1,117,1,5596,5596.0,1.0
1,117,2,5509,5596.0,0.9844531808434596
1,118,0,5417,5633.0,0.9616545357713474
1,118,1,5633,5633.0,1.0
1,118,2,5509,5633.0,0.9779868631279958
1,119,0,5417,5673.0,0.9548739643927375
1,119,1,5673,5673.0,1.0
1,119,2,5509,5673.0,0.9710911334390975
1,120,0,5417,5723.0,0.9465315394024113
1,120,1,5723,5723.0,1.0
1,120,2,5509,5723.0,0.9626070242879609
1,121,0,5417,5754.0,0.9414320472714633
1,121,1,5754,5754.0,1.0
1,121,2,5509,5754.0,0.9574209245742092
1,122,0,5417,5792.0,0.9352555248618785
1,122,1,5792,5792.0,1.0
1,122,2,5509,5792.0,0.951139502762431
1,123,0,5417,5834.0,0.9285224545766199
1,123,1,5792,5834.0,0.9928008227631128
1,123,2,5834,5834.0,1.0
1,124,0,5417,5878.0,0.9215719632528071
1,124,1,5878,5878.0,1.0
1,124,2,5834,5878.0,0.9925144607009186
1,125,0,5417,5919.0,0.915188376414935
1,125,1,5919,5919.0,1.0
1,125,2,5834,5919.0,0.9856394661260348
1,126,0,5417,5957.0,0.9093503441329528
1,126,1,5957,5957.0,1.0
1,126,2,5834,5957.0,0.9793520228302837
1,127,0,5417,5983.0,0.9053986294501086
1,127,1,5983,5983.0,1.0
1,127,2,5834,5983.0,0.9750961056326257
1,128,0,5417,6039.0,0.897002815035602
1,128,1,5983,6039.0,0.9907269415466137
1,128,2,6039,6039.0,1.0
1,129,0,5417,6079.0,0.8911005099522948
1,129,1,6079,6079.0,1.0
1,129,2,6039,6079.0,0.9934199703898667
1,130,0,5417,6128.0,0.8839751958224543
1,130,1,6128,6128.0,1.0
1,130,2,6039,6128.0,0.985476501305483
1,131,0,5417,6160.0,0.8793831168831169
1,131,1,6160,6160.0,1.0
1,131,2,6039,6160.0,0.9803571428571428
1,132,0,5417,6204.0,0.8731463571889104
1,132,1,6160,6204.0,0.9929078014184397
1,132,2,6204,6204.0,1.0
1,133,0,5417,6274.0,0.8634045266177877
1,133,1,6160,6274.0,0.9818297736691106
1,133,2,6274,6274.0,1.0
1,134,0,5417,6307.0,0.8588869510068178
1,134,1,6307,6307.0,1.0
1,134,2,6274,6307.0,0.994767718408118
2,1,0,19,19.0,1.0
2,1,1,0,19.0,0.0
2,1,2,0,19.0,0.0
2,2,0,78,78.0,1.0
2,2,1,0,78.0,0.0
2,2,2,0,78.0,0.0
2,3,0,144,144.0,1.0
2,3,1,0,144.0,0.0
2,3,2,0,144.0,0.0
2,4,0,144,159.0,0.9056603773584906
2,4,1,159,159.0,1.0
2,4,2,0,159.0,0.0
2,5,0,239,239.0,1.0
2,5,1,159,239.0,0.6652719665271967
2,5,2,0,239.0,0.0
2,6,0,239,269.0,0.8884758364312267
2,6,1,159,269.0,0.5910780669144982
2,6,2,269,269.0,1.0
2,7,0,325,325.0,1.0
2,7,1,159,325.0,0.48923076923076925
2,7,2,269,325.0,0.8276923076923077
2,8,0,401,401.0,1.0
2,8,1,159,401.0,0.39650872817955113
2,8,2,269,401.0,0.6708229426433915
2,9,0,466,466.0,1.0
2,9,1,159,466.0,0.34120171673819744
2,9,2,269,466.0,0.5772532188841202
2,10,0,466,497.0,0.937625754527163
2,10,1,497,497.0,1.0
2,10,2,269,497.0,0.5412474849094567
2,11,0,466,530.0,0.879245283018868
2,11,1,530,530.0,1.0
2,11,2,269,530.0,0.5075471698113208
2,12,0,580,580.0,1.0
2,12,1,530,580.0,0.9137931034482759
2,12,2,269,580.0,0.46379310344827585
2,13,0,580,608.0,0.9539473684210527
2,13,1,608,608.0,1.0
2,13,2,269,608.0,0.44243421052631576
2,14,0,580,643.0,0.9020217729393468
2,14,1,643,643.0,1.0
2,14,2,269,643.0,0.41835147744945567
2,15,0,580,679.0,0.8541973490427098
2,15,1,679,679.0,1.0
2,15,2,269,679.0,0.3961708394698085
2,16,0,757,757.0,1.0
2,16,1,679,757.0,0.8969616908850726
2,16,2,269,757.0,0.35535006605019814
2,17,0,757,800.0,0.94625
2,17,1,800,800.0,1.0
2,17,2,269,800.0,0.33625
2,18,0,757,834.0,0.907673860911271
2,18,1,834,834.0,1.0
2,18,2,269,834.0,0.3225419664268585
2,19,0,889,889.0,1.0
2,19,1,834,889.0,0.9381327334083239
2,19,2,269,889.0,0.3025871766029246
2,20,0,889,939.0,0.946751863684771
2,20,1,939,939.0,1.0
2,20,2,269,939.0,0.28647497337593186
2,21,0,889,1008.0,0.8819444444444444
2,21,1,939,1008.0,0.9315476190476191
2,21,2,1008,1008.0,1.0
2,22,0,889,1059.0,0.8394711992445704
2,22,1,939,1059.0,0.886685552407932
2,22,2,1059,1059.0,1.0
2,23,0,889,1109.0,0.8016230838593328
2,23,1,939,1109.0,0.8467087466185753
2,23,2,1109,1109.0,1.0
2,24,0,1165,1165.0,1.0
2,24,1,939,1165.0,0.8060085836909872
2,24,2,1109,1165.0,0.951931330472103
2,25,0,1237,1237.0,1.0
2,25,1,939,1237.0,0.7590945836701698
2,25,2,1109,1237.0,0.8965238480194018
2,26,0,1237,1280.0,0.96640625
2,26,1,1280,1280.0,1.0
2,26,2,1109,1280.0,0.86640625
2,27,0,1237,1330.0,0.9300751879699248
2,27,1,1330,1330.0,1.0
2,27,2,1109,1330.0,0.8338345864661654
2,28,0,1404,1404.0,1.0
2,28,1,1330,1404.0,0.9472934472934473
2,28,2,1109,1404.0,0.7898860398860399
2,29,0,1404,1434.0,0.9790794979079498
2,29,1,1434,1434.0,1.0
2,29,2,1109,1434.0,0.7733612273361228
2,30,0,1404,1468.0,0.9564032697547684
2,30,1,1468,1468.0,1.0
2,30,2,1109,1468.0,0.7554495912806539
2,31,0,1404,1511.0,0.9291859695565851
2,31,1,1468,1511.0,0.971542025148908
2,31,2,1511,1511.0,1.0
2,32,0,1404,1575.0,0.8914285714285715
2,32,1,1468,1575.0,0.932063492063492
2,32,2,1575,1575.0,1.0
2,33,0,1646,1646.0,1.0
2,33,1,1468,1646.0,0.8918590522478737
2,33,2,1575,1646.0,0.956865127582017
2,34,0,1646,1678.0,0.9809296781883194
2,34,1,1678,1678.0,1.0
2,34,2,1575,1678.0,0.9386174016686532
2,35,0,1646,1718.0,0.9580908032596042
2,35,1,1718,1718.0,1.0
2,35,2,1575,1718.0,0.9167636786961583
2,36,0,1646,1759.0,0.9357589539511085
2,36,1,1759,1759.0,1.0
2,36,2,1575,1759.0,0.8953951108584423
2,37,0,1646,1803.0,0.9129229062673322
2,37,1,1803,1803.0,1.0
2,37,2,1575,1803.0,0.8735440931780366
2,38,0,1646,1869.0,0.8806848582129481
2,38,1,1803,1869.0,0.9646869983948636
2,38,2,1869,1869.0,1.0
2,39,0,1646,1902.0,0.8654048370136698
2,39,1,1803,1902.0,0.9479495268138801
2,39,2,1902,1902.0,1.0
2,40,0,1646,1939.0,0.8488911810211449
2,40,1,1803,1939.0,0.9298607529654461
2,40,2,1939,1939.0,1.0
2,41,0,2020,2020.0,1.0
2,41,1,1803,2020.0,0.8925742574257426
2,41,2,1939,2020.0,0.9599009900990099
2,42,0,2020,2053.0,0.9839259620068193
2,42,1,2053,2053.0,1.0
2,42,2,1939,2053.0,0.9444715051144666
2,43,0,2020,2126.0,0.9501411100658513
2,43,1,2053,2126.0,0.9656632173095014
2,43,2,2126,2126.0,1.0
2,44,0,2020,2171.0,0.9304467987102718
2,44,1,2171,2171.0,1.0
2,44,2,2126,2171.0,0.9792722247812068
2,45,0,2020,2235.0,0.9038031319910514
2,45,1,2171,2235.0,0.9713646532438479
2,45,2,2235,2235.0,1.0
2,46,0,2020,2278.0,0.8867427568042142
2,46,1,2278,2278.0,1.0
2,46,2,2235,2278.0,0.9811237928007024
2,47,0,2020,2331.0,0.8665808665808665
2,47,1,2278,2331.0,0.9772629772629773
2,47,2,2331,2331.0,1.0
2,48,0,2020,2399.0,0.8420175072947061
2,48,1,2278,2399.0,0.9495623176323468
2,48,2,2399,2399.0,1.0
2,49,0,2020,2441.0,0.8275297009422368
2,49,1,2441,2441.0,1.0
2,49,2,2399,2441.0,0.9827939369111021
2,50,0,2020,2509.0,0.8051016341171782
2,50,1,2441,2509.0,0.972897568752491
2,50,2,2509,2509.0,1.0
2,51,0,2020,2547.0,0.7930899096976836
2,51,1,2547,2547.0,1.0
2,51,2,2509,2547.0,0.9850804868472713
2,52,0,2020,2591.0,0.7796217676572752
2,52,1,2591,2591.0,1.0
2,52,2,2509,2591.0,0.9683519876495561
2,53,0,2667,2667.0,1.0
2,53,1,2591,2667.0,0.9715035620547432
2,53,2,2509,2667.0,0.9407574053243345
2,54,0,2667,2700.0,0.9877777777777778
2,54,1,2700,2700.0,1.0
2,54,2,2509,2700.0,0.9292592592592592
2,55,0,2667,2750.0,0.9698181818181818
2,55,1,2750,2750.0,1.0
2,55,2,2509,2750.0,0.9123636363636364
2,56,0,2667,2791.0,0.9555714797563597
2,56,1,2750,2791.0,0.9853099247581512
2,56,2,2791,2791.0,1.0
2,57,0,2667,2827.0,0.9434029006013441
2,57,1,2750,2827.0,0.9727626459143969
2,57,2,2827,2827.0,1.0
2,58,0,2667,2869.0,0.9295921924015337
2,58,1,2869,2869.0,1.0
2,58,2,2827,2869.0,0.9853607528755663
2,59,0,2667,2911.0,0.9161800068704913
2,59,1,2911,2911.0,1.0
2,59,2,2827,2911.0,0.9711439367914806
2,60,0,2974,2974.0,1.0
2,60,1,2911,2974.0,0.9788164088769334
2,60,2,2827,2974.0,0.9505716207128446
2,61,0,3034,3034.0,1.0
2,61,1,2911,3034.0,0.9594594594594594
2,61,2,2827,3034.0,0.9317732366512854
2,62,0,3034,3074.0,0.9869876382563435
2,62,1,3074,3074.0,1.0
2,62,2,2827,3074.0,0.9196486662329213
2,63,0,3034,3117.0,0.9733718318896375
2,63,1,3117,3117.0,1.0
2,63,2,2827,3117.0,0.9069618222649984
2,64,0,3034,3174.0,0.9558916194076874
2,64,1,3117,3174.0,0.9820415879017014
2,64,2,3174,3174.0,1.0
2,65,0,3034,3213.0,0.9442888266417678
2,65,1,3117,3213.0,0.9701213818860878
2,65,2,3213,3213.0,1.0
2,66,0,3034,3250.0,0.9335384615384615
2,66,1,3250,3250.0,1.0
2,66,2,3213,3250.0,0.9886153846153846
2,67,0,3034,3286.0,0.9233110164333537
2,67,1,3286,3286.0,1.0
2,67,2,3213,3286.0,0.9777845404747413
2,68,0,3034,3321.0,0.9135802469135802
2,68,1,3321,3321.0,1.0
2,68,2,3213,3321.0,0.967479674796748
2,69,0,3034,3370.0,0.9002967359050446
2,69,1,3321,3370.0,0.9854599406528189
2,69,2,3370,3370.0,1.0
2,70,0,3034,3415.0,0.8884333821376281
2,70,1,3415,3415.0,1.0
2,70,2,3370,3415.0,0.986822840409956
2,71,0,3034,3488.0,0.8698394495412844
2,71,1,3415,3488.0,0.9790711009174312
2,71,2,3488,3488.0,1.0
2,72,0,3546,3546.0,1.0
2,72,1,3415,3546.0,0.9630569655950366
2,72,2,3488,3546.0,0.9836435420191766
2,73,0,3546,3587.0,0.9885698355171453
2,73,1,3415,3587.0,0.9520490660719264
2,73,2,3587,3587.0,1.0
2,74,0,3546,3623.0,0.9787468948385316
2,74,1,3623,3623.0,1.0
2,74,2,3587,3623.0,0.9900634833011317
2,75,0,3546,3655.0,0.9701778385772913
2,75,1,3655,3655.0,1.0
2,75,2,3587,3655.0,0.9813953488372092
2,76,0,3546,3720.0,0.9532258064516129
2,76,1,3655,3720.0,0.9825268817204301
2,76,2,3720,3720.0,1.0
2,77,0,3546,3763.0,0.942333244751528
2,77,1,3763,3763.0,1.0
2,77,2,3720,3763.0,0.9885729471166622
2,78,0,3546,3803.0,0.9324217722850381
2,78,1,3763,3803.0,0.9894819879042861
2,78,2,3803,3803.0,1.0
2,79,0,3546,3877.0,0.914624709827186
2,79,1,3763,3877.0,0.9705958215114779
2,79,2,3877,3877.0,1.0
2,80,0,3546,3937.0,0.9006858013716027
2,80,1,3763,3937.0,0.9558039116078232
2,80,2,3937,3937.0,1.0
2,81,0,3546,3983.0,0.890283705749435
2,81,1,3983,3983.0,1.0
2,81,2,3937,3983.0,0.9884509163946774
2,82,0,3546,4033.0,0.87924621869576
2,82,1,4033,4033.0,1.0
2,82,2,3937,4033.0,0.9761963798661046
2,83,0,3546,4070.0,0.8712530712530713
2,83,1,4033,4070.0,0.990909090909091
2,83,2,4070,4070.0,1.0
2,84,0,3546,4138.0,0.8569357177380377
2,84,1,4033,4138.0,0.9746254229096182
2,84,2,4138,4138.0,1.0
2,85,0,3546,4175.0,0.8493413173652694
2,85,1,4033,4175.0,0.9659880239520958
2,85,2,4175,4175.0,1.0
2,86,0,3546,4215.0,0.8412811387900356
2,86,1,4033,4215.0,0.9568208778173191
2,86,2,4215,4215.0,1.0
2,87,0,3546,4253.0,0.8337644015988713
2,87,1,4253,4253.0,1.0
2,87,2,4215,4253.0,0.9910651304961204
2,88,0,3546,4299.0,0.8248429867411026
2,88,1,4299,4299.0,1.0
2,88,2,4215,4299.0,0.9804605722260991
2,89,0,3546,4336.0,0.8178044280442804
2,89,1,4336,4336.0,1.0
2,89,2,4215,4336.0,0.9720940959409594
2,90,0,3546,4384.0,0.8088503649635036
2,90,1,4384,4384.0,1.0
2,90,2,4215,4384.0,0.9614507299270073
2,91,0,3546,4433.0,0.7999097676517032
2,91,1,4384,4433.0,0.9889465373336341
2,91,2,4433,4433.0,1.0
2,92,0,3546,4474.0,0.7925793473401878
2,92,1,4474,4474.0,1.0
2,92,2,4433,4474.0,0.9908359409924006
2,93,0,3546,4522.0,0.7841662980981866
2,93,1,4522,4522.0,1.0
2,93,2,4433,4522.0,0.9803184431667403
2,94,0,3546,4557.0,0.7781435154707044
2,94,1,4557,4557.0,1.0
2,94,2,4433,4557.0,0.9727891156462585
2,95,0,3546,4607.0,0.7696982852181463
2,95,1,4607,4607.0,1.0
2,95,2,4433,4607.0,0.9622313870197525
2,96,0,3546,4644.0,0.7635658914728682
2,96,1,4644,4644.0,1.0
2,96,2,4433,4644.0,0.9545650301464255
2,97,0,3546,4681.0,0.7575304422132023
2,97,1,4681,4681.0,1.0
2,97,2,4433,4681.0,0.9470198675496688
2,98,0,3546,4716.0,0.7519083969465649
2,98,1,4716,4716.0,1.0
2,98,2,4433,4716.0,0.9399915182357931
2,99,0,3546,4746.0,0.7471554993678887
2,99,1,4746,4746.0,1.0
2,99,2,4433,4746.0,0.9340497260851243
2,100,0,3546,4791.0,0.7401377582968065
2,100,1,4791,4791.0,1.0
2,100,2,4433,4791.0,0.9252765602170737
2,101,0,3546,4830.0,0.7341614906832298
2,101,1,4791,4830.0,0.9919254658385093
2,101,2,4830,4830.0,1.0
2,102,0,3546,4872.0,0.7278325123152709
2,102,1,4872,4872.0,1.0
2,102,2,4830,4872.0,0.9913793103448276
2,103,0,3546,4909.0,0.7223467101242615
2,103,1,4909,4909.0,1.0
2,103,2,4830,4909.0,0.9839071093909146
2,104,0,3546,4954.0,0.7157852240613646
2,104,1,4954,4954.0,1.0
2,104,2,4830,4954.0,0.9749697214372225
2,105,0,3546,4999.0,0.7093418683736747
2,105,1,4999,4999.0,1.0
2,105,2,4830,4999.0,0.9661932386477295
2,106,0,3546,5048.0,0.7024564183835182
2,106,1,5048,5048.0,1.0
2,106,2,4830,5048.0,0.9568145800316957
2,107,0,3546,5102.0,0.6950215601724814
2,107,1,5048,5102.0,0.9894159153273226
2,107,2,5102,5102.0,1.0
2,108,0,3546,5158.0,0.6874757658006979
2,108,1,5048,5158.0,0.9786739046141916
2,108,2,5158,5158.0,1.0
2,109,0,3546,5214.0,0.6800920598388953
2,109,1,5048,5214.0,0.968162639048715
2,109,2,5214,5214.0,1.0
2,110,0,3546,5252.0,0.6751713632901751
2,110,1,5252,5252.0,1.0
2,110,2,5214,5252.0,0.9927646610814927
2,111,0,3546,5289.0,0.6704480998298356
2,111,1,5289,5289.0,1.0
2,111,2,5214,5289.0,0.9858196256381169
2,112,0,3546,5331.0,0.6651660101294317
2,112,1,5331,5331.0,1.0
2,112,2,5214,5331.0,0.9780528981429375
2,113,0,3546,5364.0,0.6610738255033557
2,113,1,5364,5364.0,1.0
2,113,2,5214,5364.0,0.9720357941834452
2,114,0,3546,5413.0,0.6550895991132459
2,114,1,5413,5413.0,1.0
2,114,2,5214,5413.0,0.963236652503233
2,115,0,3546,5463.0,0.6490939044481054
2,115,1,5413,5463.0,0.9908475196778327
2,115,2,5463,5463.0,1.0
2,116,0,3546,5508.0,0.6437908496732027
2,116,1,5508,5508.0,1.0
2,116,2,5463,5508.0,0.9918300653594772
2,117,0,3546,5539.0,0.6401877595233797
2,117,1,5539,5539.0,1.0
2,117,2,5463,5539.0,0.986279111753024
2,118,0,3546,5581.0,0.6353700053753808
2,118,1,5539,5581.0,0.9924744669414084
2,118,2,5581,5581.0,1.0
2,119,0,3546,5614.0,0.6316351977199858
2,119,1,5614,5614.0,1.0
2,119,2,5581,5614.0,0.9941218382614891
2,120,0,3546,5654.0,0.6271666077113548
2,120,1,5614,5654.0,0.9929253625751681
2,120,2,5654,5654.0,1.0
2,121,0,3546,5680.0,0.6242957746478873
2,121,1,5680,5680.0,1.0
2,121,2,5654,5680.0,0.9954225352112676
2,122,0,3546,5724.0,0.6194968553459119
2,122,1,5724,5724.0,1.0
2,122,2,5654,5724.0,0.9877707896575821
2,123,0,3546,5756.0,0.6160528144544822
2,123,1,5756,5756.0,1.0
2,123,2,5654,5756.0,0.98227936066713
2,124,0,3546,5797.0,0.6116957046748318
2,124,1,5797,5797.0,1.0
2,124,2,5654,5797.0,0.9753320683111955
2,125,0,3546,5847.0,0.6064648537711647
2,125,1,5797,5847.0,0.9914486061227981
2,125,2,5847,5847.0,1.0
2,126,0,3546,5887.0,0.6023441481229829
2,126,1,5887,5887.0,1.0
2,126,2,5847,5887.0,0.99320536775947
2,127,0,3546,5925.0,0.5984810126582278
2,127,1,5925,5925.0,1.0
2,127,2,5847,5925.0,0.9868354430379747
2,128,0,5987,5987.0,1.0
2,128,1,5925,5987.0,0.989644229163187
2,128,2,5847,5987.0,0.9766160013362285
2,129,0,5987,6027.0,0.9933631989381119
2,129,1,6027,6027.0,1.0
2,129,2,5847,6027.0,0.9701343952215032
2,130,0,5987,6069.0,0.9864887131323118
2,130,1,6027,6069.0,0.9930795847750865
2,130,2,6069,6069.0,1.0
2,131,0,5987,6125.0,0.9774693877551021
2,131,1,6027,6125.0,0.984
2,131,2,6125,6125.0,1.0
2,132,0,5987,6169.0,0.9704976495380127
2,132,1,6027,6169.0,0.9769816826065812
2,132,2,6169,6169.0,1.0
2,133,0,5987,6239.0,0.9596089116845649
2,133,1,6027,6239.0,0.9660201955441577
2,133,2,6239,6239.0,1.0
2,134,0,5987,6272.0,0.9545599489795918
2,134,1,6272,6272.0,1.0
2,134,2,6239,6272.0,0.9947385204081632
3,1,0,25,25.0,1.0
3,1,1,0,25.0,0.0
3,1,2,0,25.0,0.0
3,2,0,99,99.0,1.0
3,2,1,0,99.0,0.0
3,2,2,0,99.0,0.0
3,3,0,174,174.0,1.0
3,3,1,0,174.0,0.0
3,3,2,0,174.0,0.0
3,4,0,225,225.0,1.0
3,4,1,0,225.0,0.0
3,4,2,0,225.0,0.0
3,5,0,225,240.0,0.9375
3,5,1,240,240.0,1.0
3,5,2,0,240.0,0.0
3,6,0,225,270.0,0.8333333333333334
3,6,1,240,270.0,0.8888888888888888
3,6,2,270,270.0,1.0
3,7,0,346,346.0,1.0
3,7,1,240,346.0,0.6936416184971098
3,7,2,270,346.0,0.7803468208092486
3,8,0,402,402.0,1.0
3,8,1,240,402.0,0.5970149253731343
3,8,2,270,402.0,0.6716417910447762
3,9,0,482,482.0,1.0
3,9,1,240,482.0,0.4979253112033195
3,9,2,270,482.0,0.5601659751037344
3,10,0,482,517.0,0.9323017408123792
3,10,1,517,517.0,1.0
3,10,2,270,517.0,0.5222437137330754
3,11,0,482,553.0,0.8716094032549728
3,11,1,553,553.0,1.0
3,11,2,270,553.0,0.488245931283906
3,12,0,597,597.0,1.0
3,12,1,553,597.0,0.9262981574539364
3,12,2,270,597.0,0.45226130653266333
3,13,0,597,640.0,0.9328125
3,13,1,640,640.0,1.0
3,13,2,270,640.0,0.421875
3,14,0,597,709.0,0.842031029619182
3,14,1,640,709.0,0.9026798307475318
3,14,2,709,709.0,1.0
3,15,0,597,752.0,0.7938829787234043
3,15,1,752,752.0,1.0
3,15,2,709,752.0,0.9428191489361702
3,16,0,597,786.0,0.7595419847328244
3,16,1,786,786.0,1.0
3,16,2,709,786.0,0.9020356234096693
3,17,0,597,818.0,0.7298288508557457
3,17,1,818,818.0,1.0
3,17,2,709,818.0,0.8667481662591687
3,18,0,899,899.0,1.0
3,18,1,818,899.0,0.9098998887652948
3,18,2,709,899.0,0.7886540600667408
3,19,0,899,939.0,0.9574014909478168
3,19,1,818,939.0,0.8711395101171459
3,19,2,939,939.0,1.0
3,20,0,998,998.0,1.0
3,20,1,818,998.0,0.8196392785571143
3,20,2,939,998.0,0.9408817635270541
3,21,0,998,1048.0,0.9522900763358778
3,21,1,1048,1048.0,1.0
3,21,2,939,1048.0,0.8959923664122137
3,22,0,1124,1124.0,1.0
3,22,1,1048,1124.0,0.9323843416370107
3,22,2,939,1124.0,0.8354092526690391
3,23,0,1124,1159.0,0.9698015530629853
3,23,1,1159,1159.0,1.0
3,23,2,939,1159.0,0.8101811906816221
3,24,0,1124,1192.0,0.9429530201342282
3,24,1,1192,1192.0,1.0
3,24,2,939,1192.0,0.787751677852349
3,25,0,1248,1248.0,1.0
3,25,1,1192,1248.0,0.9551282051282052
3,25,2,939,1248.0,0.7524038461538461
3,26,0,1248,1314.0,0.9497716894977168
3,26,1,1192,1314.0,0.9071537290715372
3,26,2,1314,1314.0,1.0
3,27,0,1248,1347.0,0.9265033407572383
3,27,1,1347,1347.0,1.0
3,27,2,1314,1347.0,0.9755011135857461
3,28,0,1248,1380.0,0.9043478260869565
3,28,1,1347,1380.0,0.9760869565217392
3,28,2,1380,1380.0,1.0
3,29,0,1443,1443.0,1.0
3,29,1,1347,1443.0,0.9334719334719335
3,29,2,1380,1443.0,0.9563409563409564
3,30,0,1443,1473.0,0.9796334012219959
3,30,1,1473,1473.0,1.0
3,30,2,1380,1473.0,0.9368635437881874
3,31,0,1443,1526.0,0.9456094364351245
3,31,1,1473,1526.0,0.9652686762778506
3,31,2,1526,1526.0,1.0
3,32,0,1443,1576.0,0.9156091370558376
3,32,1,1473,1576.0,0.9346446700507615
3,32,2,1576,1576.0,1.0
3,33,0,1443,1645.0,0.8772036474164133
3,33,1,1473,1645.0,0.8954407294832827
3,33,2,1645,1645.0,1.0
3,34,0,1703,1703.0,1.0
3,34,1,1473,1703.0,0.8649442160892542
3,34,2,1645,1703.0,0.9659424544920728
3,35,0,1703,1738.0,0.979861910241657
3,35,1,1738,1738.0,1.0
3,35,2,1645,1738.0,0.9464902186421174
3,36,0,1793,1793.0,1.0
3,36,1,1738,1793.0,0.9693251533742331
3,36,2,1645,1793.0,0.9174567763524819
3,37,0,1873,1873.0,1.0
3,37,1,1738,1873.0,0.9279231179925254
3,37,2,1645,1873.0,0.8782701548318206
3,38,0,1873,1911.0,0.9801151229722659
3,38,1,1738,1911.0,0.9094714809000524
3,38,2,1911,1911.0,1.0
3,39,0,1873,1954.0,0.9585465711361311
3,39,1,1954,1954.0,1.0
3,39,2,1911,1954.0,0.9779938587512794
3,40,0,1873,2027.0,0.9240256536753824
3,40,1,1954,2027.0,0.9639861864824865
3,40,2,2027,2027.0,1.0
3,41,0,1873,2063.0,0.9079011148812409
3,41,1,2063,2063.0,1.0
3,41,2,2027,2063.0,0.9825496849248667
3,42,0,1873,2105.0,0.8897862232779098
3,42,1,2105,2105.0,1.0
3,42,2,2027,2105.0,0.9629453681710214
3,43,0,1873,2145.0,0.8731934731934732
3,43,1,2145,2145.0,1.0
3,43,2,2027,2145.0,0.9449883449883449
3,44,0,1873,2186.0,0.8568161024702653
3,44,1,2186,2186.0,1.0
3,44,2,2027,2186.0,0.9272644098810613
3,45,0,1873,2259.0,0.8291279327135901
3,45,1,2186,2259.0,0.9676848162903939
3,45,2,2259,2259.0,1.0
3,46,0,1873,2323.0,0.8062849763237193
3,46,1,2186,2323.0,0.9410245372363323
3,46,2,2323,2323.0,1.0
3,47,0,1873,2368.0,0.7909628378378378
3,47,1,2368,2368.0,1.0
3,47,2,2323,2368.0,0.9809966216216216
3,48,0,1873,2402.0,0.779766860949209
3,48,1,2402,2402.0,1.0
3,48,2,2323,2402.0,0.9671107410491258
3,49,0,1873,2441.0,0.7673084801310938
3,49,1,2402,2441.0,0.9840229414174518
3,49,2,2441,2441.0,1.0
3,50,0,1873,2491.0,0.7519068647129666
3,50,1,2491,2491.0,1.0
3,50,2,2441,2491.0,0.9799277398635087
3,51,0,1873,2536.0,0.738564668769716
3,51,1,2536,2536.0,1.0
3,51,2,2441,2536.0,0.9625394321766562
3,52,0,1873,2586.0,0.7242846094354215
3,52,1,2586,2586.0,1.0
3,52,2,2441,2586.0,0.9439288476411446
3,53,0,1873,2659.0,0.7044001504324934
3,53,1,2586,2659.0,0.9725460699511095
3,53,2,2659,2659.0,1.0
3,54,0,1873,2703.0,0.6929337772844987
3,54,1,2703,2703.0,1.0
3,54,2,2659,2703.0,0.9837217906030337
3,55,0,1873,2740.0,0.6835766423357664
3,55,1,2740,2740.0,1.0
3,55,2,2659,2740.0,0.9704379562043796
3,56,0,1873,2781.0,0.6734987414599065
3,56,1,2740,2781.0,0.9852571017619561
3,56,2,2781,2781.0,1.0
3,57,0,1873,2832.0,0.6613700564971752
3,57,1,2740,2832.0,0.9675141242937854
3,57,2,2832,2832.0,1.0
3,58,0,1873,2868.0,0.653068340306834
3,58,1,2868,2868.0,1.0
3,58,2,2832,2868.0,0.9874476987447699
3,59,0,1873,2919.0,0.6416581020897568
3,59,1,2868,2919.0,0.9825282631038027
3,59,2,2919,2919.0,1.0
3,60,0,1873,2949.0,0.6351305527297388
3,60,1,2949,2949.0,1.0
3,60,2,2919,2949.0,0.9898270600203459
3,61,0,1873,3005.0,0.6232945091514143
3,61,1,2949,3005.0,0.9813643926788685
3,61,2,3005,3005.0,1.0
3,62,0,3083,3083.0,1.0
3,62,1,2949,3083.0,0.9565358417126176
3,62,2,3005,3083.0,0.974699967564061
3,63,0,3083,3133.0,0.98404085541015
3,63,1,3133,3133.0,1.0
3,63,2,3005,3133.0,0.9591445898499841
3,64,0,3205,3205.0,1.0
3,64,1,3133,3205.0,0.9775351014040562
3,64,2,3005,3205.0,0.9375975039001561
3,65,0,3205,3245.0,0.987673343605547
3,65,1,3245,3245.0,1.0
3,65,2,3005,3245.0,0.926040061633282
3,66,0,3307,3307.0,1.0
3,66,1,3245,3307.0,0.9812518899304505
3,66,2,3005,3307.0,0.9086785606289689
3,67,0,3307,3367.0,0.9821799821799821
3,67,1,3245,3367.0,0.9637659637659638
3,67,2,3367,3367.0,1.0
3,68,0,3307,3411.0,0.9695104075051305
3,68,1,3411,3411.0,1.0
3,68,2,3367,3411.0,0.9871005570214013
3,69,0,3307,3448.0,0.959106728538283
3,69,1,3448,3448.0,1.0
3,69,2,3367,3448.0,0.976508120649652
3,70,0,3307,3485.0,0.9489239598278336
3,70,1,3448,3485.0,0.9893830703012912
3,70,2,3485,3485.0,1.0
3,71,0,3307,3548.0,0.9320744081172492
3,71,1,3448,3548.0,0.971815107102593
3,71,2,3548,3548.0,1.0
3,72,0,3307,3593.0,0.9204007792930698
3,72,1,3593,3593.0,1.0
3,72,2,3548,3593.0,0.987475647091567
3,73,0,3307,3631.0,0.9107683833654641
3,73,1,3631,3631.0,1.0
3,73,2,3548,3631.0,0.9771412833930047
3,74,0,3307,3667.0,0.9018271066266703
3,74,1,3631,3667.0,0.990182710662667
3,74,2,3667,3667.0,1.0
3,75,0,3307,3707.0,0.892096034529269
3,75,1,3631,3707.0,0.9794982465605611
3,75,2,3707,3707.0,1.0
3,76,0,3307,3749.0,0.8821018938383569
3,76,1,3749,3749.0,1.0
3,76,2,3707,3749.0,0.9887970125366764
3,77,0,3307,3782.0,0.8744050766790058
3,77,1,3782,3782.0,1.0
3,77,2,3707,3782.0,0.9801692226335272
3,78,0,3307,3819.0,0.8659334904425242
3,78,1,3819,3819.0,1.0
3,78,2,3707,3819.0,0.9706729510343022
3,79,0,3307,3851.0,0.8587379901324331
3,79,1,3851,3851.0,1.0
3,79,2,3707,3851.0,0.9626071150350558
3,80,0,3307,3900.0,0.847948717948718
3,80,1,3851,3900.0,0.9874358974358974
3,80,2,3900,3900.0,1.0
3,81,0,3307,3955.0,0.8361567635903919
3,81,1,3851,3955.0,0.9737041719342604
3,81,2,3955,3955.0,1.0
3,82,0,3307,3998.0,0.8271635817908954
3,82,1,3998,3998.0,1.0
3,82,2,3955,3998.0,0.9892446223111556
3,83,0,3307,4039.0,0.8187670215399852
3,83,1,3998,4039.0,0.98984897251795
3,83,2,4039,4039.0,1.0
3,84,0,3307,4081.0,0.810340602793433
3,84,1,4081,4081.0,1.0
3,84,2,4039,4081.0,0.9897084048027445
3,85,0,3307,4146.0,0.7976362759286059
3,85,1,4081,4146.0,0.9843222383019778
3,85,2,4146,4146.0,1.0
3,86,0,3307,4214.0,0.7847650688182249
3,86,1,4081,4214.0,0.96843853820598
3,86,2,4214,4214.0,1.0
3,87,0,3307,4256.0,0.7770206766917294
3,87,1,4256,4256.0,1.0
3,87,2,4214,4256.0,0.9901315789473685
3,88,0,4327,4327.0,1.0
3,88,1,4256,4327.0,0.9835914028195054
3,88,2,4214,4327.0,0.973884908712734
3,89,0,4327,4360.0,0.9924311926605505
3,89,1,4360,4360.0,1.0
3,89,2,4214,4360.0,0.9665137614678899
3,90,0,4327,4401.0,0.9831856396273574
3,90,1,4401,4401.0,1.0
3,90,2,4214,4401.0,0.95750965689616
3,91,0,4327,4447.0,0.973015516078255
3,91,1,4447,4447.0,1.0
3,91,2,4214,4447.0,0.9476051270519451
3,92,0,4327,4492.0,0.9632680320569902
3,92,1,4492,4492.0,1.0
3,92,2,4214,4492.0,0.9381121994657168
3,93,0,4327,4537.0,0.9537139078686356
3,93,1,4537,4537.0,1.0
3,93,2,4214,4537.0,0.9288075821027111
3,94,0,4327,4577.0,0.9453790692593402
3,94,1,4577,4577.0,1.0
3,94,2,4214,4577.0,0.920690408564562
3,95,0,4327,4613.0,0.9380013006720139
3,95,1,4613,4613.0,1.0
3,95,2,4214,4613.0,0.91350531107739
3,96,0,4327,4661.0,0.9283415576056641
3,96,1,4661,4661.0,1.0
3,96,2,4214,4661.0,0.9040978330830294
3,97,0,4327,4704.0,0.9198554421768708
3,97,1,4704,4704.0,1.0
3,97,2,4214,4704.0,0.8958333333333334
3,98,0,4327,4761.0,0.9088426801092208
3,98,1,4704,4761.0,0.9880277252678009
3,98,2,4761,4761.0,1.0
3,99,0,4327,4803.0,0.9008952737872163
3,99,1,4803,4803.0,1.0
3,99,2,4761,4803.0,0.9912554653341662
3,100,0,4327,4877.0,0.8872257535370105
3,100,1,4803,4877.0,0.984826737748616
3,100,2,4877,4877.0,1.0
3,101,0,4327,4910.0,0.8812627291242362
3,101,1,4910,4910.0,1.0
3,101,2,4877,4910.0,0.9932790224032586
3,102,0,4327,4947.0,0.8746715180917728
3,102,1,4910,4947.0,0.9925207196280574
3,102,2,4947,4947.0,1.0
3,103,0,4327,4986.0,0.8678299237866025
3,103,1,4910,4986.0,0.9847573204973927
3,103,2,4986,4986.0,1.0
3,104,0,4327,5029.0,0.8604096241797574
3,104,1,5029,5029.0,1.0
3,104,2,4986,5029.0,0.9914495923642871
3,105,0,4327,5074.0,0.8527788726842728
3,105,1,5029,5074.0,0.9911312573906188
3,105,2,5074,5074.0,1.0
3,106,0,4327,5120.0,0.8451171875
3,106,1,5120,5120.0,1.0
3,106,2,5074,5120.0,0.991015625
3,107,0,4327,5153.0,0.8397050261983311
3,107,1,5153,5153.0,1.0
3,107,2,5074,5153.0,0.9846691247816806
3,108,0,4327,5207.0,0.830996735164202
3,108,1,5153,5207.0,0.9896293451123488
3,108,2,5207,5207.0,1.0
3,109,0,4327,5244.0,0.8251334858886347
3,109,1,5244,5244.0,1.0
3,109,2,5207,5244.0,0.9929443173150267
3,110,0,4327,5298.0,0.8167232918082296
3,110,1,5244,5298.0,0.9898074745186863
3,110,2,5298,5298.0,1.0
3,111,0,4327,5335.0,0.8110590440487347
3,111,1,5244,5335.0,0.9829428303655108
3,111,2,5335,5335.0,1.0
3,112,0,4327,5377.0,0.8047238236935094
3,112,1,5244,5377.0,0.9752650176678446
3,112,2,5377,5377.0,1.0
3,113,0,4327,5412.0,0.799519586104952
3,113,1,5412,5412.0,1.0
3,113,2,5377,5412.0,0.9935328898743533
3,114,0,4327,5454.0,0.7933626696002933
3,114,1,5454,5454.0,1.0
3,114,2,5377,5454.0,0.9858819215254859
3,115,0,4327,5496.0,0.7872998544395924
3,115,1,5496,5496.0,1.0
3,115,2,5377,5496.0,0.9783478893740902
3,116,0,4327,5536.0,0.7816112716763006
3,116,1,5536,5536.0,1.0
3,116,2,5377,5536.0,0.971278901734104
3,117,0,4327,5574.0,0.7762827412988877
3,117,1,5574,5574.0,1.0
3,117,2,5377,5574.0,0.9646573376390384
3,118,0,4327,5600.0,0.7726785714285714
3,118,1,5600,5600.0,1.0
3,118,2,5377,5600.0,0.9601785714285714
3,119,0,4327,5649.0,0.7659762789874314
3,119,1,5649,5649.0,1.0
3,119,2,5377,5649.0,0.9518498849353868
3,120,0,4327,5689.0,0.7605906134645808
3,120,1,5649,5689.0,0.9929688873264194
3,120,2,5689,5689.0,1.0
3,121,0,4327,5727.0,0.7555439147895932
3,121,1,5727,5727.0,1.0
3,121,2,5689,5727.0,0.9933647634014318
3,122,0,4327,5772.0,0.7496534996534997
3,122,1,5772,5772.0,1.0
3,122,2,5689,5772.0,0.9856202356202356
3,123,0,4327,5803.0,0.7456488023436154
3,123,1,5803,5803.0,1.0
3,123,2,5689,5803.0,0.9803549887988972
3,124,0,4327,5847.0,0.7400376261330597
3,124,1,5803,5847.0,0.9924747733880622
3,124,2,5847,5847.0,1.0
3,125,0,4327,5889.0,0.7347597215146884
3,125,1,5803,5889.0,0.9853965019527934
3,125,2,5889,5889.0,1.0
3,126,0,4327,5959.0,0.7261285450578956
3,126,1,5803,5959.0,0.9738211109246517
3,126,2,5959,5959.0,1.0
3,127,0,4327,5991.0,0.7222500417292606
3,127,1,5991,5991.0,1.0
3,127,2,5959,5991.0,0.9946586546486397
3,128,0,4327,6029.0,0.7176977939956876
3,128,1,6029,6029.0,1.0
3,128,2,5959,6029.0,0.9883894509868967
3,129,0,4327,6078.0,0.7119118130964133
3,129,1,6078,6078.0,1.0
3,129,2,5959,6078.0,0.9804211911813097
3,130,0,4327,6123.0,0.7066797321574392
3,130,1,6123,6123.0,1.0
3,130,2,5959,6123.0,0.9732157439163809
3,131,0,4327,6184.0,0.6997089262613195
3,131,1,6123,6184.0,0.9901358344113842
3,131,2,6184,6184.0,1.0
3,132,0,4327,6223.0,0.6953237988108629
3,132,1,6223,6223.0,1.0
3,132,2,6184,6223.0,0.9937329262413627
3,133,0,4327,6264.0,0.690772669220945
3,133,1,6264,6264.0,1.0
3,133,2,6184,6264.0,0.9872286079182631
3,134,0,4327,6297.0,0.6871526123550897
3,134,1,6297,6297.0,1.0
3,134,2,6184,6297.0,0.9820549468000636
4,1,0,16,16.0,1.0
4,1,1,0,16.0,0.0
4,1,2,0,16.0,0.0
4,2,0,82,82.0,1.0
4,2,1,0,82.0,0.0
4,2,2,0,82.0,0.0
4,3,0,141,141.0,1.0
4,3,1,0,141.0,0.0
4,3,2,0,141.0,0.0
4,4,0,217,217.0,1.0
4,4,1,0,217.0,0.0
4,4,2,0,217.0,0.0
4,5,0,295,295.0,1.0
4,5,1,0,295.0,0.0
4,5,2,0,295.0,0.0
4,6,0,369,369.0,1.0
4,6,1,0,369.0,0.0
4,6,2,0,369.0,0.0
4,7,0,369,384.0,0.9609375
4,7,1,384,384.0,1.0
4,7,2,0,384.0,0.0
4,8,0,369,414.0,0.8913043478260869
4,8,1,384,414.0,0.927536231884058
4,8,2,414,414.0,1.0
4,9,0,369,457.0,0.8074398249452954
4,9,1,457,457.0,1.0
4,9,2,414,457.0,0.9059080962800875
4,10,0,522,522.0,1.0
4,10,1,457,522.0,0.8754789272030651
4,10,2,414,522.0,0.7931034482758621
4,11,0,522,557.0,0.9371633752244165
4,11,1,557,557.0,1.0
4,11,2,414,557.0,0.7432675044883303
4,12,0,522,591.0,0.883248730964467
4,12,1,591,591.0,1.0
4,12,2,414,591.0,0.700507614213198
4,13,0,522,641.0,0.8143525741029641
4,13,1,641,641.0,1.0
4,13,2,414,641.0,0.6458658346333853
4,14,0,701,701.0,1.0
4,14,1,641,701.0,0.9144079885877318
4,14,2,414,701.0,0.5905848787446505
4,15,0,781,781.0,1.0
4,15,1,641,781.0,0.8207426376440461
4,15,2,414,781.0,0.5300896286811779
4,16,0,852,852.0,1.0
4,16,1,641,852.0,0.7523474178403756
4,16,2,414,852.0,0.4859154929577465
4,17,0,852,885.0,0.9627118644067797
4,17,1,885,885.0,1.0
4,17,2,414,885.0,0.46779661016949153
4,18,0,852,916.0,0.9301310043668122
4,18,1,916,916.0,1.0
4,18,2,414,916.0,0.4519650655021834
4,19,0,852,956.0,0.891213389121339
4,19,1,956,956.0,1.0
4,19,2,414,956.0,0.4330543933054393
4,20,0,852,998.0,0.8537074148296593
4,20,1,998,998.0,1.0
4,20,2,414,998.0,0.4148296593186373
4,21,0,852,1071.0,0.7955182072829131
4,21,1,998,1071.0,0.9318394024276377
4,21,2,1071,1071.0,1.0
4,22,0,852,1131.0,0.753315649867374
4,22,1,998,1131.0,0.8824049513704686
4,22,2,1131,1131.0,1.0
4,23,0,852,1200.0,0.71
4,23,1,998,1200.0,0.8316666666666667
4,23,2,1200,1200.0,1.0
4,24,0,852,1250.0,0.6816
4,24,1,1250,1250.0,1.0
4,24,2,1200,1250.0,0.96
4,25,0,1311,1311.0,1.0
4,25,1,1250,1311.0,0.9534706331045004
4,25,2,1200,1311.0,0.9153318077803204
4,26,0,1311,1354.0,0.9682422451994092
4,26,1,1354,1354.0,1.0
4,26,2,1200,1354.0,0.8862629246676514
4,27,0,1311,1386.0,0.9458874458874459
4,27,1,1386,1386.0,1.0
4,27,2,1200,1386.0,0.8658008658008658
4,28,0,1311,1441.0,0.9097848716169327
4,28,1,1386,1441.0,0.9618320610687023
4,28,2,1441,1441.0,1.0
4,29,0,1485,1485.0,1.0
4,29,1,1386,1485.0,0.9333333333333333
4,29,2,1441,1485.0,0.9703703703703703
4,30,0,1485,1522.0,0.9756898817345598
4,30,1,1522,1522.0,1.0
4,30,2,1441,1522.0,0.9467805519053877
4,31,0,1485,1558.0,0.9531450577663672
4,31,1,1558,1558.0,1.0
4,31,2,1441,1558.0,0.9249037227214377
4,32,0,1485,1604.0,0.9258104738154613
4,32,1,1604,1604.0,1.0
4,32,2,1441,1604.0,0.8983790523690773
4,33,0,1485,1634.0,0.908812729498164
4,33,1,1634,1634.0,1.0
4,33,2,1441,1634.0,0.8818849449204407
4,34,0,1485,1667.0,0.8908218356328734
4,34,1,1667,1667.0,1.0
4,34,2,1441,1667.0,0.8644271145770845
4,35,0,1485,1712.0,0.8674065420560748
4,35,1,1712,1712.0,1.0
4,35,2,1441,1712.0,0.8417056074766355
4,36,0,1485,1778.0,0.8352080989876266
4,36,1,1712,1778.0,0.9628796400449944
4,36,2,1778,1778.0,1.0
4,37,0,1485,1808.0,0.8213495575221239
4,37,1,1808,1808.0,1.0
4,37,2,1778,1808.0,0.9834070796460177
4,38,0,1485,1856.0,0.8001077586206896
4,38,1,1856,1856.0,1.0
4,38,2,1778,1856.0,0.9579741379310345
4,39,0,1485,1899.0,0.7819905213270142
4,39,1,1856,1899.0,0.9773565034228542
4,39,2,1899,1899.0,1.0
4,40,0,1485,1942.0,0.7646755921730175
4,40,1,1942,1942.0,1.0
4,40,2,1899,1942.0,0.9778578784757982
4,41,0,1485,1985.0,0.7481108312342569
4,41,1,1985,1985.0,1.0
4,41,2,1899,1985.0,0.9566750629722922
4,42,0,1485,2023.0,0.7340583292140386
4,42,1,1985,2023.0,0.9812160158180919
4,42,2,2023,2023.0,1.0
4,43,0,1485,2053.0,0.723331709693132
4,43,1,2053,2053.0,1.0
4,43,2,2023,2053.0,0.9853872381880175
4,44,0,1485,2087.0,0.7115476760900814
4,44,1,2087,2087.0,1.0
4,44,2,2023,2087.0,0.9693339722089123
4,45,0,2134,2134.0,1.0
4,45,1,2087,2134.0,0.9779756326148079
4,45,2,2023,2134.0,0.9479850046860356
4,46,0,2206,2206.0,1.0
4,46,1,2087,2206.0,0.9460562103354487
4,46,2,2023,2206.0,0.9170444242973708
4,47,0,2206,2246.0,0.9821905609973286
4,47,1,2087,2246.0,0.9292074799643811
4,47,2,2246,2246.0,1.0
4,48,0,2206,2280.0,0.9675438596491228
4,48,1,2087,2280.0,0.9153508771929825
4,48,2,2280,2280.0,1.0
4,49,0,2206,2336.0,0.9443493150684932
4,49,1,2087,2336.0,0.8934075342465754
4,49,2,2336,2336.0,1.0
4,50,0,2384,2384.0,1.0
4,50,1,2087,2384.0,0.8754194630872483
4,50,2,2336,2384.0,0.9798657718120806
4,51,0,2384,2417.0,0.9863467107985106
4,51,1,2417,2417.0,1.0
4,51,2,2336,2417.0,0.9664873810508895
4,52,0,2498,2498.0,1.0
4,52,1,2417,2498.0,0.9675740592473979
4,52,2,2336,2498.0,0.9351481184947958
4,53,0,2498,2567.0,0.9731203739774056
4,53,1,2417,2567.0,0.9415660303856642
4,53,2,2567,2567.0,1.0
4,54,0,2498,2612.0,0.9563552833078101
4,54,1,2612,2612.0,1.0
4,54,2,2567,2612.0,0.9827718223583461
4,55,0,2498,2651.0,0.942285929837797
4,55,1,2651,2651.0,1.0
4,55,2,2567,2651.0,0.9683138438325161
4,56,0,2691,2691.0,1.0
4,56,1,2651,2691.0,0.9851356373095503
4,56,2,2567,2691.0,0.9539204756596061
4,57,0,2691,2734.0,0.9842721287490855
4,57,1,2734,2734.0,1.0
4,57,2,2567,2734.0,0.9389173372348207
4,58,0,2691,2775.0,0.9697297297297297
4,58,1,2734,2775.0,0.9852252252252253
4,58,2,2775,2775.0,1.0
4,59,0,2691,2816.0,0.9556107954545454
4,59,1,2816,2816.0,1.0
4,59,2,2775,2816.0,0.9854403409090909
4,60,0,2691,2858.0,0.9415675297410777
4,60,1,2858,2858.0,1.0
4,60,2,2775,2858.0,0.9709587123862841
4,61,0,2691,2926.0,0.9196855775803144
4,61,1,2858,2926.0,0.9767600820232399
4,61,2,2926,2926.0,1.0
4,62,0,2691,2961.0,0.9088145896656535
4,62,1,2961,2961.0,1.0
4,62,2,2926,2961.0,0.9881796690307328
4,63,0,2691,3011.0,0.8937230156094321
4,63,1,3011,3011.0,1.0
4,63,2,2926,3011.0,0.9717701760212554
4,64,0,3069,3069.0,1.0
4,64,1,3011,3069.0,0.9811013359400457
4,64,2,2926,3069.0,0.953405017921147
4,65,0,3069,3111.0,0.9864995178399228
4,65,1,3111,3111.0,1.0
4,65,2,2926,3111.0,0.9405335904853744
4,66,0,3069,3184.0,0.9638819095477387
4,66,1,3111,3184.0,0.977072864321608
4,66,2,3184,3184.0,1.0
4,67,0,3069,3228.0,0.9507434944237918
4,67,1,3228,3228.0,1.0
4,67,2,3184,3228.0,0.9863692688971499
4,68,0,3308,3308.0,1.0
4,68,1,3228,3308.0,0.9758162031438936
4,68,2,3184,3308.0,0.9625151148730351
4,69,0,3308,3361.0,0.9842308836655758
4,69,1,3228,3361.0,0.9604284439155013
4,69,2,3361,3361.0,1.0
4,70,0,3308,3429.0,0.9647127442403033
4,70,1,3228,3429.0,0.9413823272090989
4,70,2,3429,3429.0,1.0
4,71,0,3308,3468.0,0.9538638985005767
4,71,1,3228,3468.0,0.9307958477508651
4,71,2,3468,3468.0,1.0
4,72,0,3308,3510.0,0.9424501424501425
4,72,1,3510,3510.0,1.0
4,72,2,3468,3510.0,0.9880341880341881
4,73,0,3308,3550.0,0.931830985915493
4,73,1,3550,3550.0,1.0
4,73,2,3468,3550.0,0.9769014084507043
4,74,0,3308,3586.0,0.9224762967094255
4,74,1,3550,3586.0,0.9899609592861126
4,74,2,3586,3586.0,1.0
4,75,0,3308,3645.0,0.9075445816186557
4,75,1,3550,3645.0,0.9739368998628258
4,75,2,3645,3645.0,1.0
4,76,0,3308,3695.0,0.8952638700947226
4,76,1,3550,3695.0,0.9607577807848444
4,76,2,3695,3695.0,1.0
4,77,0,3308,3731.0,0.8866255695523988
4,77,1,3731,3731.0,1.0
4,77,2,3695,3731.0,0.9903511123023319
4,78,0,3308,3768.0,0.8779193205944799
4,78,1,3768,3768.0,1.0
4,78,2,3695,3768.0,0.9806263269639066
4,79,0,3308,3808.0,0.8686974789915967
4,79,1,3768,3808.0,0.9894957983193278
4,79,2,3808,3808.0,1.0
4,80,0,3308,3881.0,0.8523576397835609
4,80,1,3768,3881.0,0.9708837928368977
4,80,2,3881,3881.0,1.0
4,81,0,3952,3952.0,1.0
4,81,1,3768,3952.0,0.9534412955465587
4,81,2,3881,3952.0,0.9820344129554656
4,82,0,3952,4007.0,0.9862740204641877
4,82,1,3768,4007.0,0.9403543798352882
4,82,2,4007,4007.0,1.0
4,83,0,3952,4063.0,0.9726802855033226
4,83,1,3768,4063.0,0.9273935515628846
4,83,2,4063,4063.0,1.0
4,84,0,3952,4113.0,0.9608558230002431
4,84,1,4113,4113.0,1.0
4,84,2,4063,4113.0,0.9878434232920009
4,85,0,3952,4163.0,0.9493153975498438
4,85,1,4163,4163.0,1.0
4,85,2,4063,4163.0,0.9759788613980303
4,86,0,3952,4199.0,0.9411764705882353
4,86,1,4199,4199.0,1.0
4,86,2,4063,4199.0,0.9676113360323887
4,87,0,3952,4241.0,0.9318556944116954
4,87,1,4199,4241.0,0.9900966753124263
4,87,2,4241,4241.0,1.0
4,88,0,3952,4286.0,0.922071861875875
4,88,1,4286,4286.0,1.0
4,88,2,4241,4286.0,0.9895006999533364
4,89,0,3952,4326.0,0.9135460009246417
4,89,1,4326,4326.0,1.0
4,89,2,4241,4326.0,0.9803513638465094
4,90,0,3952,4363.0,0.905798762319505
4,90,1,4326,4363.0,0.9915195966078386
4,90,2,4363,4363.0,1.0
4,91,0,3952,4400.0,0.8981818181818182
4,91,1,4326,4400.0,0.9831818181818182
4,91,2,4400,4400.0,1.0
4,92,0,3952,4451.0,0.8878903617164682
4,92,1,4326,4451.0,0.9719164232756684
4,92,2,4451,4451.0,1.0
4,93,0,3952,4494.0,0.8793947485536271
4,93,1,4494,4494.0,1.0
4,93,2,4451,4494.0,0.9904316866933689
4,94,0,3952,4540.0,0.8704845814977974
4,94,1,4540,4540.0,1.0
4,94,2,4451,4540.0,0.9803964757709251
4,95,0,3952,4573.0,0.8642029302427291
4,95,1,4573,4573.0,1.0
4,95,2,4451,4573.0,0.9733216706757052
4,96,0,3952,4613.0,0.8567092998048992
4,96,1,4613,4613.0,1.0
4,96,2,4451,4613.0,0.9648818556254065
4,97,0,3952,4662.0,0.8477048477048477
4,97,1,4613,4662.0,0.9894894894894894
4,97,2,4662,4662.0,1.0
4,98,0,3952,4695.0,0.8417465388711395
4,98,1,4695,4695.0,1.0
4,98,2,4662,4695.0,0.9929712460063898
4,99,0,3952,4739.0,0.8339312091158472
4,99,1,4695,4739.0,0.990715340789196
4,99,2,4739,4739.0,1.0
4,100,0,3952,4782.0,0.8264324550397323
4,100,1,4782,4782.0,1.0
4,100,2,4739,4782.0,0.9910079464659138
4,101,0,3952,4815.0,0.8207684319833852
4,101,1,4815,4815.0,1.0
4,101,2,4739,4815.0,0.9842159916926272
4,102,0,3952,4853.0,0.8143416443437049
4,102,1,4853,4853.0,1.0
4,102,2,4739,4853.0,0.9765093756439316
4,103,0,3952,4895.0,0.8073544433094995
4,103,1,4853,4895.0,0.9914198161389173
4,103,2,4895,4895.0,1.0
4,104,0,3952,4933.0,0.8011352118386378
4,104,1,4933,4933.0,1.0
4,104,2,4895,4933.0,0.9922967768092439
4,105,0,3952,4989.0,0.7921427139707357
4,105,1,4933,4989.0,0.9887753056724795
4,105,2,4989,4989.0,1.0
4,106,0,3952,5046.0,0.7831946095917558
4,106,1,4933,5046.0,0.97760602457392
4,106,2,5046,5046.0,1.0
4,107,0,3952,5083.0,0.7774936061381074
4,107,1,4933,5083.0,0.9704898681880779
4,107,2,5083,5083.0,1.0
4,108,0,3952,5153.0,0.7669318843392199
4,108,1,4933,5153.0,0.9573064234426548
4,108,2,5153,5153.0,1.0
4,109,0,3952,5195.0,0.7607314725697787
4,109,1,5195,5195.0,1.0
4,109,2,5153,5195.0,0.9919153031761309
4,110,0,3952,5244.0,0.7536231884057971
4,110,1,5244,5244.0,1.0
4,110,2,5153,5244.0,0.9826468344774981
4,111,0,3952,5285.0,0.7477767265846736
4,111,1,5244,5285.0,0.9922421948912015
4,111,2,5285,5285.0,1.0
4,112,0,3952,5320.0,0.7428571428571429
4,112,1,5320,5320.0,1.0
4,112,2,5285,5320.0,0.993421052631579
4,113,0,3952,5374.0,0.7353926311871977
4,113,1,5320,5374.0,0.9899516189058429
4,113,2,5374,5374.0,1.0
4,114,0,3952,5434.0,0.7272727272727273
4,114,1,5320,5434.0,0.9790209790209791
4,114,2,5434,5434.0,1.0
4,115,0,3952,5479.0,0.7212995072093448
4,115,1,5479,5479.0,1.0
4,115,2,5434,5479.0,0.9917868224128491
4,116,0,3952,5529.0,0.7147766323024055
4,116,1,5529,5529.0,1.0
4,116,2,5434,5529.0,0.9828178694158075
4,117,0,3952,5568.0,0.7097701149425287
4,117,1,5568,5568.0,1.0
4,117,2,5434,5568.0,0.975933908045977
4,118,0,3952,5609.0,0.7045819219112142
4,118,1,5609,5609.0,1.0
4,118,2,5434,5609.0,0.9688001426279195
4,119,0,3952,5641.0,0.700585002659103
4,119,1,5641,5641.0,1.0
4,119,2,5434,5641.0,0.9633043786562666
4,120,0,3952,5678.0,0.6960197252553716
4,120,1,5678,5678.0,1.0
4,120,2,5434,5678.0,0.957027122226136
4,121,0,3952,5715.0,0.6915135608048993
4,121,1,5715,5715.0,1.0
4,121,2,5434,5715.0,0.9508311461067367
4,122,0,3952,5757.0,0.6864686468646864
4,122,1,5757,5757.0,1.0
4,122,2,5434,5757.0,0.9438943894389439
4,123,0,3952,5826.0,0.6783384826639204
4,123,1,5757,5826.0,0.9881565396498455
4,123,2,5826,5826.0,1.0
4,124,0,3952,5875.0,0.6726808510638298
4,124,1,5875,5875.0,1.0
4,124,2,5826,5875.0,0.9916595744680851
4,125,0,3952,5910.0,0.6686971235194585
4,125,1,5875,5910.0,0.994077834179357
4,125,2,5910,5910.0,1.0
4,126,0,3952,5943.0,0.6649840148073364
4,126,1,5943,5943.0,1.0
4,126,2,5910,5943.0,0.99444724886421
4,127,0,3952,5997.0,0.6589961647490412
4,127,1,5943,5997.0,0.9909954977488744
4,127,2,5997,5997.0,1.0
4,128,0,3952,6039.0,0.6544129822818348
4,128,1,6039,6039.0,1.0
4,128,2,5997,6039.0,0.9930452061599603
4,129,0,3952,6080.0,0.65
4,129,1,6080,6080.0,1.0
4,129,2,5997,6080.0,0.9863486842105263
4,130,0,3952,6125.0,0.6452244897959184
4,130,1,6125,6125.0,1.0
4,130,2,5997,6125.0,0.9791020408163266
4,131,0,3952,6156.0,0.6419753086419753
4,131,1,6156,6156.0,1.0
4,131,2,5997,6156.0,0.9741715399610137
4,132,0,3952,6189.0,0.6385522701567297
4,132,1,6189,6189.0,1.0
4,132,2,5997,6189.0,0.9689772176442074
4,133,0,3952,6215.0,0.635880933226066
4,133,1,6215,6215.0,1.0
4,133,2,5997,6215.0,0.964923572003218
4,134,0,3952,6247.0,0.6326236593564911
4,134,1,6247,6247.0,1.0
4,134,2,5997,6247.0,0.9599807907795742
